{"bonuses": [], "meta": {"created_at": "2021/07/12 17:58:10", "elapsed_s": 171.108681, "git_commit": "d97787cad9a65e2a9a4398868d2cee4a9680b2ec", "judge": {"dislikes": 703, "fit_in_hole": true, "gained_bonuses": [], "is_valid": true, "satisfy_stretch": true}, "solver": "RandomRestartSolver", "parameters": {"initialize_pose_by_hole": 0, "T0": 59.389279459928716, "T1": 0.08691478730847771, "single_small_change_max_delta": 3, "shift_max_delta": 2, "slight_rotate_max_deg": 1.097936838540386, "vote_pow": 4.151611752106395, "slide_protrusion_max_delta": 1.1947057329013013, "single_small_change_probability": 0.7891510947016473, "slight_rotate_probability": 0.5388964425262731, "shift_probability": 0.6324497653728866, "hop_grid_probability": 0.5738373389159144, "flip_probability": 0.6949610217772173, "slide_protrusion_probability": 0.029599448714727042, "protrusion_cost_coefficient0": 5.70652861518231, "protrusion_cost_coefficient1": 0.003979443742050933, "deformation_cost_coefficient": 20.10193745902158, "dislikes_cost_coefficient": 0.012856265685527777, "prohibit_unfeasible_after_feasible": 0}}, "vertices": [[27, 94], [17, 92], [42, 16], [44, 68], [35, 80], [35, 48], [34, 9], [46, 79], [46, 79], [53, 70], [31, 37], [56, 80], [56, 80], [46, 76], [59, 70], [38, 46], [15, 13], [19, 22], [81, 91], [71, 88]]}