{"bonuses": [], "meta": {"created_at": "2021/07/12 17:21:47", "elapsed_s": 340.26873, "git_commit": "d97787cad9a65e2a9a4398868d2cee4a9680b2ec", "judge": {"dislikes": 655, "fit_in_hole": true, "gained_bonuses": [], "is_valid": true, "satisfy_stretch": true}, "solver": "RandomRestartSolver", "parameters": {"initialize_pose_by_hole": 1, "T0": 33.715178458082086, "T1": 0.011153524125114679, "single_small_change_max_delta": 1, "shift_max_delta": 3, "slight_rotate_max_deg": 2.1173267508939673, "vote_pow": 5.511683783302361, "slide_protrusion_max_delta": 1.156831447672468, "single_small_change_probability": 0.037475072797779285, "slight_rotate_probability": 0.8113819384777015, "shift_probability": 0.2709222435813575, "hop_grid_probability": 0.23085070303072974, "flip_probability": 0.1688267795935976, "slide_protrusion_probability": 0.459439969392646, "protrusion_cost_coefficient0": 0.564605639987166, "protrusion_cost_coefficient1": 0.010017638671008335, "deformation_cost_coefficient": 23.68989380980268, "dislikes_cost_coefficient": 4.599291534682817e-05, "prohibit_unfeasible_after_feasible": 0}}, "vertices": [[34, 15], [44, 11], [45, 23], [22, 17], [34, 16], [50, 38], [58, 36], [78, 66], [49, 47], [78, 62], [57, 69], [55, 60], [61, 45], [75, 58], [55, 40], [53, 72], [69, 60], [50, 66], [73, 54], [50, 69], [76, 56], [55, 70], [55, 72], [73, 55], [64, 55], [78, 53], [57, 65], [57, 76], [55, 70], [78, 48], [52, 73], [53, 68], [67, 61], [45, 77], [71, 50], [68, 52], [47, 70], [53, 64], [60, 75], [51, 71], [55, 71], [54, 74], [56, 64], [61, 68], [63, 72], [54, 71], [39, 74], [19, 78], [22, 79], [55, 77], [29, 79], [37, 78], [48, 80], [29, 84], [38, 83], [57, 86], [6, 85], [7, 82]]}