{"bonuses":[],"meta":{"created_at":"2021/07/12 16:47:59","elapsed_s":8.590853,"git_commit":"d97787cad9a65e2a9a4398868d2cee4a9680b2ec","judge":{"dislikes":0,"fit_in_hole":true,"gained_bonuses":[],"is_valid":true,"satisfy_stretch":true},"parameters":{"T0":26.162083590190772,"T1":0.05071565211796629,"deformation_cost_coefficient":28.639178157994074,"dislikes_cost_coefficient":8.352219474807145e-05,"flip_probability":0.5597044620085713,"hop_grid_probability":0.3083949733242207,"initialize_pose_by_hole":1,"prohibit_unfeasible_after_feasible":1,"protrusion_cost_coefficient0":0.6351126591963545,"protrusion_cost_coefficient1":0.027500041089718145,"shift_max_delta":3,"shift_probability":0.5928964833415128,"single_small_change_max_delta":2,"single_small_change_probability":0.6196468008257064,"slide_protrusion_max_delta":2.731494260532957,"slide_protrusion_probability":0.2639834551747705,"slight_rotate_max_deg":2.697559433425524,"slight_rotate_probability":0.144283396697112,"vote_pow":2.093510871575538},"solver":"RandomRestartSolver"},"vertices":[[10,0],[10,10],[0,10]]}