{"bonuses":[],"meta":{"created_at":"2021/07/12 16:48:19","elapsed_s":14.20997,"git_commit":"d97787cad9a65e2a9a4398868d2cee4a9680b2ec","judge":{"dislikes":0,"fit_in_hole":true,"gained_bonuses":[],"is_valid":true,"satisfy_stretch":true},"parameters":{"T0":10.675397153293519,"T1":0.004820804446919626,"deformation_cost_coefficient":6.9076149068708315,"dislikes_cost_coefficient":0.01782184241513239,"flip_probability":0.3258797060500619,"hop_grid_probability":0.5154571125924404,"initialize_pose_by_hole":1,"prohibit_unfeasible_after_feasible":1,"protrusion_cost_coefficient0":0.1862470176269836,"protrusion_cost_coefficient1":0.015167773150351584,"shift_max_delta":2,"shift_probability":0.30046625371104285,"single_small_change_max_delta":2,"single_small_change_probability":0.9691254100857486,"slide_protrusion_max_delta":1.5349642206192784,"slide_protrusion_probability":0.909955354882718,"slight_rotate_max_deg":1.506422872066024,"slight_rotate_probability":0.09580384776540507,"vote_pow":1.0354940151389966},"solver":"RandomRestartSolver"},"vertices":[[40,20],[20,40],[20,0],[0,20]]}