{"bonuses":[],"meta":{"created_at":"2021/07/12 16:48:22","elapsed_s":13.167204,"git_commit":"d97787cad9a65e2a9a4398868d2cee4a9680b2ec","judge":{"dislikes":116,"fit_in_hole":true,"gained_bonuses":[],"is_valid":true,"satisfy_stretch":true},"parameters":{"T0":26.463120186594786,"T1":0.04848850669280605,"deformation_cost_coefficient":44.319877042812195,"dislikes_cost_coefficient":0.0003048886889568726,"flip_probability":0.05368565503019407,"hop_grid_probability":0.927634024520901,"initialize_pose_by_hole":0,"prohibit_unfeasible_after_feasible":0,"protrusion_cost_coefficient0":2.5674340005324376,"protrusion_cost_coefficient1":0.018959093855122868,"shift_max_delta":2,"shift_probability":0.8756116386467582,"single_small_change_max_delta":2,"single_small_change_probability":0.7463194480300231,"slide_protrusion_max_delta":1.5882976076566262,"slide_protrusion_probability":0.06819901223094416,"slight_rotate_max_deg":2.174246702793219,"slight_rotate_probability":0.5317317316548228,"vote_pow":8.246891486023697},"solver":"RandomRestartSolver"},"vertices":[[10,10],[10,0],[0,0]]}