{"bonuses":[],"meta":{"created_at":"2021/07/12 16:48:34","elapsed_s":19.734382,"git_commit":"d97787cad9a65e2a9a4398868d2cee4a9680b2ec","judge":{"dislikes":0,"fit_in_hole":true,"gained_bonuses":[],"is_valid":true,"satisfy_stretch":true},"parameters":{"T0":1.1533494196347136,"T1":0.05946148544747116,"deformation_cost_coefficient":7.148695962413483,"dislikes_cost_coefficient":0.01096387208556554,"flip_probability":0.40371524444620377,"hop_grid_probability":0.18345240334126434,"initialize_pose_by_hole":1,"prohibit_unfeasible_after_feasible":1,"protrusion_cost_coefficient0":0.7857162686787892,"protrusion_cost_coefficient1":0.0175899506819748,"shift_max_delta":2,"shift_probability":0.2609657296918496,"single_small_change_max_delta":3,"single_small_change_probability":0.21607332006049385,"slide_protrusion_max_delta":2.8213501174023117,"slide_protrusion_probability":0.18781691673396017,"slight_rotate_max_deg":3.8738273881442122,"slight_rotate_probability":0.1183077439232082,"vote_pow":8.31573969913703},"solver":"RandomRestartSolver"},"vertices":[[0,24],[20,44],[15,0],[35,20],[10,29]]}