{"bonuses": [], "meta": {"created_at": "2021/07/12 16:48:29", "elapsed_s": 13.602376, "git_commit": "d97787cad9a65e2a9a4398868d2cee4a9680b2ec", "judge": {"dislikes": 299, "fit_in_hole": true, "gained_bonuses": [], "is_valid": true, "satisfy_stretch": true}, "solver": "RandomRestartSolver", "parameters": {"initialize_pose_by_hole": 0, "T0": 18.335962543801045, "T1": 0.04775283666087496, "single_small_change_max_delta": 2, "shift_max_delta": 3, "slight_rotate_max_deg": 1.2458279835451647, "vote_pow": 2.2655076620811148, "slide_protrusion_max_delta": 2.3130476018144934, "single_small_change_probability": 0.118998286064678, "slight_rotate_probability": 0.10363796121593649, "shift_probability": 0.8470323691983533, "hop_grid_probability": 0.049374032529326706, "flip_probability": 0.5438259802677549, "slide_protrusion_probability": 0.38010928147119294, "protrusion_cost_coefficient0": 1.790535840435874, "protrusion_cost_coefficient1": 0.008874830035909345, "deformation_cost_coefficient": 9.201769248104968, "dislikes_cost_coefficient": 6.831143265195313e-05, "prohibit_unfeasible_after_feasible": 0}}, "vertices": [[20, 7], [19, 31], [7, 26], [6, 12], [29, 17]]}