{"bonuses":[],"meta":{"created_at":"2021/07/12 16:59:57","elapsed_s":195.09154999999998,"git_commit":"d97787cad9a65e2a9a4398868d2cee4a9680b2ec","judge":{"dislikes":257,"fit_in_hole":true,"gained_bonuses":[],"is_valid":true,"satisfy_stretch":true},"parameters":{"T0":11.010668426809856,"T1":0.00754945421682561,"deformation_cost_coefficient":11.891008589669376,"dislikes_cost_coefficient":0.0001430446417859793,"flip_probability":0.716324283349131,"hop_grid_probability":0.14340231357429423,"initialize_pose_by_hole":0,"prohibit_unfeasible_after_feasible":0,"protrusion_cost_coefficient0":1.2504813734874176,"protrusion_cost_coefficient1":0.004710758834232913,"shift_max_delta":2,"shift_probability":0.2454715642163221,"single_small_change_max_delta":2,"single_small_change_probability":0.1913772688143125,"slide_protrusion_max_delta":1.7102473614543916,"slide_protrusion_probability":0.3907917842738732,"slight_rotate_max_deg":4.6470538336918406,"slight_rotate_probability":0.760048710901493,"vote_pow":5.576946668208148},"solver":"RandomRestartSolver"},"vertices":[[73,7],[68,10],[65,10],[51,15],[56,11],[34,10],[16,10],[16,12],[45,8],[25,10],[20,12],[62,19],[12,7],[15,24],[13,25],[55,21],[18,13],[16,18],[71,24],[49,24],[7,24],[66,24],[19,20],[46,35],[22,42],[20,43],[29,41],[54,50],[26,41],[19,55],[17,56],[28,45],[23,49],[22,55],[28,50],[21,52],[32,52],[63,58],[51,58]]}