{"bonuses": [], "meta": {"created_at": "2021/07/12 16:49:48", "elapsed_s": 23.097502, "git_commit": "d97787cad9a65e2a9a4398868d2cee4a9680b2ec", "judge": {"dislikes": 405, "fit_in_hole": true, "gained_bonuses": [], "is_valid": true, "satisfy_stretch": true}, "solver": "RandomRestartSolver", "parameters": {"initialize_pose_by_hole": 1, "T0": 1.2727847257486522, "T1": 0.07360191794013668, "single_small_change_max_delta": 2, "shift_max_delta": 1, "slight_rotate_max_deg": 3.449025128313388, "vote_pow": 1.7808825882473789, "slide_protrusion_max_delta": 1.322772699528274, "single_small_change_probability": 0.390205898319232, "slight_rotate_probability": 0.5992847459299488, "shift_probability": 0.7643894243989747, "hop_grid_probability": 0.42389245802766307, "flip_probability": 0.9429449561360007, "slide_protrusion_probability": 0.6802325744693812, "protrusion_cost_coefficient0": 0.8744682641443936, "protrusion_cost_coefficient1": 0.03276349496115011, "deformation_cost_coefficient": 2.3475247245226685, "dislikes_cost_coefficient": 2.9873916730257957e-06, "prohibit_unfeasible_after_feasible": 1}}, "vertices": [[31, 26], [52, 45], [3, 22], [24, 41], [19, 1], [2, 22]]}