{"bonuses": [], "meta": {"created_at": "2021/07/12 16:55:35", "elapsed_s": 27.056037999999997, "git_commit": "d97787cad9a65e2a9a4398868d2cee4a9680b2ec", "judge": {"dislikes": 595, "fit_in_hole": true, "gained_bonuses": [], "is_valid": true, "satisfy_stretch": true}, "solver": "RandomRestartSolver", "parameters": {"initialize_pose_by_hole": 0, "T0": 1.0454609128375323, "T1": 0.0023668823054569348, "single_small_change_max_delta": 1, "shift_max_delta": 3, "slight_rotate_max_deg": 4.798051150205746, "vote_pow": 5.013997740803591, "slide_protrusion_max_delta": 2.8288400709318795, "single_small_change_probability": 0.7961727467475761, "slight_rotate_probability": 0.2134377483115515, "shift_probability": 0.13447864147666388, "hop_grid_probability": 0.36935136042910366, "flip_probability": 0.8786289000544308, "slide_protrusion_probability": 0.5248649756352894, "protrusion_cost_coefficient0": 0.9379961324071119, "protrusion_cost_coefficient1": 0.0011134873892934378, "deformation_cost_coefficient": 58.73750327090657, "dislikes_cost_coefficient": 0.0007381240558828938, "prohibit_unfeasible_after_feasible": 0}}, "vertices": [[33, 34], [5, 38], [61, 31], [25, 56], [33, 35], [32, 31], [45, 5]]}