{"bonuses": [], "meta": {"created_at": "2021/07/12 16:50:05", "elapsed_s": 37.675765999999996, "git_commit": "d97787cad9a65e2a9a4398868d2cee4a9680b2ec", "judge": {"dislikes": 0, "fit_in_hole": true, "gained_bonuses": [], "is_valid": true, "satisfy_stretch": true}, "solver": "RandomRestartSolver", "parameters": {"initialize_pose_by_hole": 0, "T0": 5.812603425557196, "T1": 0.0016801529365495893, "single_small_change_max_delta": 2, "shift_max_delta": 3, "slight_rotate_max_deg": 1.3031655954922745, "vote_pow": 4.585755128440685, "slide_protrusion_max_delta": 2.773271941012195, "single_small_change_probability": 0.7719867040791372, "slight_rotate_probability": 0.17734118612884864, "shift_probability": 0.9630785061105116, "hop_grid_probability": 0.4023974885079047, "flip_probability": 0.8598134937133635, "slide_protrusion_probability": 0.7608496688094357, "protrusion_cost_coefficient0": 0.34157643929146025, "protrusion_cost_coefficient1": 0.025588406539019073, "deformation_cost_coefficient": 4.97453308170162, "dislikes_cost_coefficient": 0.011151232334299481, "prohibit_unfeasible_after_feasible": 0}}, "vertices": [[0, 20], [0, 54], [7, 91], [28, 0], [30, 37], [40, 96], [55, 61]]}