{"bonuses": [], "meta": {"created_at": "2021/07/12 16:49:58", "elapsed_s": 23.146359999999998, "git_commit": "d97787cad9a65e2a9a4398868d2cee4a9680b2ec", "judge": {"dislikes": 2423, "fit_in_hole": true, "gained_bonuses": [], "is_valid": true, "satisfy_stretch": true}, "solver": "RandomRestartSolver", "parameters": {"initialize_pose_by_hole": 1, "T0": 1.5130788426782402, "T1": 0.018593170876364258, "single_small_change_max_delta": 3, "shift_max_delta": 1, "slight_rotate_max_deg": 3.6102145922558893, "vote_pow": 6.356732293404233, "slide_protrusion_max_delta": 1.386826882746817, "single_small_change_probability": 0.5402820217028106, "slight_rotate_probability": 0.6489775754502545, "shift_probability": 0.5144155134997063, "hop_grid_probability": 0.1629102763071072, "flip_probability": 0.006984922407559657, "slide_protrusion_probability": 0.9300168262343366, "protrusion_cost_coefficient0": 0.4012766984368713, "protrusion_cost_coefficient1": 0.003048186508063789, "deformation_cost_coefficient": 2.8377593215955286, "dislikes_cost_coefficient": 0.05930450613179789, "prohibit_unfeasible_after_feasible": 1}}, "vertices": [[20, 31], [5, 7], [5, 7], [33, 11]]}