{"bonuses": [], "meta": {"created_at": "2021/07/12 16:50:12", "elapsed_s": 27.65455, "git_commit": "d97787cad9a65e2a9a4398868d2cee4a9680b2ec", "judge": {"dislikes": 3216, "fit_in_hole": true, "gained_bonuses": [], "is_valid": true, "satisfy_stretch": true}, "solver": "RandomRestartSolver", "parameters": {"initialize_pose_by_hole": 0, "T0": 1.2925720992504646, "T1": 0.08541920254695733, "single_small_change_max_delta": 2, "shift_max_delta": 2, "slight_rotate_max_deg": 2.4854438882378673, "vote_pow": 8.866739910582123, "slide_protrusion_max_delta": 2.786120954184341, "single_small_change_probability": 0.23641083751017178, "slight_rotate_probability": 0.14228231833029226, "shift_probability": 0.29532081380972164, "hop_grid_probability": 0.5236889432557401, "flip_probability": 0.5424985742809361, "slide_protrusion_probability": 0.3185051361537188, "protrusion_cost_coefficient0": 4.57660759758127, "protrusion_cost_coefficient1": 0.036124009721842314, "deformation_cost_coefficient": 11.519065948881948, "dislikes_cost_coefficient": 0.004368522837612247, "prohibit_unfeasible_after_feasible": 0}}, "vertices": [[14, 3], [10, 31], [10, 31], [38, 27]]}