{"bonuses":[],"meta":{"created_at":"2021/07/12 17:45:13","elapsed_s":306.68760599999996,"git_commit":"d97787cad9a65e2a9a4398868d2cee4a9680b2ec","judge":{"dislikes":384,"fit_in_hole":true,"gained_bonuses":[],"is_valid":true,"satisfy_stretch":true},"parameters":{"T0":99.57340903356614,"T1":0.0962860535729089,"deformation_cost_coefficient":1.2542602763745256,"dislikes_cost_coefficient":0.0002798022059704843,"flip_probability":0.012600489017562111,"hop_grid_probability":0.7189030520280929,"initialize_pose_by_hole":0,"prohibit_unfeasible_after_feasible":0,"protrusion_cost_coefficient0":4.958652821257415,"protrusion_cost_coefficient1":0.0013198438970175184,"shift_max_delta":2,"shift_probability":0.444471124875416,"single_small_change_max_delta":2,"single_small_change_probability":0.6426052662252,"slide_protrusion_max_delta":1.8507049086709035,"slide_protrusion_probability":0.04025392660734826,"slight_rotate_max_deg":2.6398272905623648,"slight_rotate_probability":0.23606498492553338,"vote_pow":1.1551519172789804},"solver":"RandomRestartSolver"},"vertices":[[75,12],[48,110],[35,75],[62,31],[82,67],[52,82],[88,83],[37,64],[71,70],[80,77],[52,61],[52,51],[40,55],[19,55],[59,61],[49,58],[47,53],[85,68],[30,45],[67,54],[54,39],[51,43],[89,57],[60,56],[56,46],[44,43],[28,30],[81,48],[98,63],[55,70],[100,48],[61,19],[61,80],[46,26],[88,26],[30,15]]}