{"bonuses":[],"meta":{"created_at":"2021/07/12 16:53:12","elapsed_s":27.69108,"git_commit":"","judge":{"dislikes":1937,"fit_in_hole":true,"gained_bonuses":[],"is_valid":true,"satisfy_stretch":true},"parameters":{"T0":1.8425936537436276,"T1":0.011702949551644302,"deformation_cost_coefficient":91.90805263732322,"dislikes_cost_coefficient":6.887357128382829e-06,"flip_probability":0.22705122765878272,"hop_grid_probability":0.7778889381144765,"initialize_pose_by_hole":1,"prohibit_unfeasible_after_feasible":1,"protrusion_cost_coefficient0":1.763671340523836,"protrusion_cost_coefficient1":0.007103444673683368,"shift_max_delta":3,"shift_probability":0.5876199332103886,"single_small_change_max_delta":3,"single_small_change_probability":0.9775774774412714,"slide_protrusion_max_delta":1.24293152056069,"slide_protrusion_probability":0.9571857769980665,"slight_rotate_max_deg":4.8310762436505374,"slight_rotate_probability":0.7597010311692081,"vote_pow":8.682828654125437},"solver":"RandomRestartSolver"},"vertices":[[10,42],[14,14],[14,14],[34,34],[38,5]]}