{"bonuses": [], "meta": {"created_at": "2021/07/12 16:53:12", "elapsed_s": 27.69108, "git_commit": "", "judge": {"dislikes": 1937, "fit_in_hole": true, "gained_bonuses": [], "is_valid": true, "satisfy_stretch": true}, "solver": "RandomRestartSolver", "parameters": {"initialize_pose_by_hole": 1, "T0": 1.8425936537436276, "T1": 0.011702949551644302, "single_small_change_max_delta": 3, "shift_max_delta": 3, "slight_rotate_max_deg": 4.8310762436505374, "vote_pow": 8.682828654125437, "slide_protrusion_max_delta": 1.24293152056069, "single_small_change_probability": 0.9775774774412714, "slight_rotate_probability": 0.7597010311692081, "shift_probability": 0.5876199332103886, "hop_grid_probability": 0.7778889381144765, "flip_probability": 0.22705122765878272, "slide_protrusion_probability": 0.9571857769980665, "protrusion_cost_coefficient0": 1.763671340523836, "protrusion_cost_coefficient1": 0.007103444673683368, "deformation_cost_coefficient": 91.90805263732322, "dislikes_cost_coefficient": 6.887357128382829e-06, "prohibit_unfeasible_after_feasible": 1}}, "vertices": [[10, 42], [14, 14], [14, 14], [34, 34], [38, 5]]}