{"bonuses":[],"meta":{"created_at":"2021/07/12 16:51:17","elapsed_s":35.359615,"git_commit":"d97787cad9a65e2a9a4398868d2cee4a9680b2ec","judge":{"dislikes":1894,"fit_in_hole":true,"gained_bonuses":[],"is_valid":true,"satisfy_stretch":true},"parameters":{"T0":62.068308004554254,"T1":0.013862328338776776,"deformation_cost_coefficient":6.2952488210901505,"dislikes_cost_coefficient":0.006613486334090575,"flip_probability":0.23803830890296063,"hop_grid_probability":0.5943240074721551,"initialize_pose_by_hole":0,"prohibit_unfeasible_after_feasible":0,"protrusion_cost_coefficient0":0.22162057581890324,"protrusion_cost_coefficient1":0.001979679486915707,"shift_max_delta":1,"shift_probability":0.37646092664103403,"single_small_change_max_delta":3,"single_small_change_probability":0.6630914665550948,"slide_protrusion_max_delta":2.6300480246035605,"slide_protrusion_probability":0.007753460508016841,"slight_rotate_max_deg":4.829980371715956,"slight_rotate_probability":0.41729951777469876,"vote_pow":3.9309869395929242},"solver":"RandomRestartSolver"},"vertices":[[4,30],[22,14],[27,29],[20,37],[6,18]]}