{"bonuses":[],"meta":{"created_at":"2021/07/12 17:55:39","elapsed_s":85.511286,"git_commit":"d97787cad9a65e2a9a4398868d2cee4a9680b2ec","judge":{"dislikes":1444,"fit_in_hole":true,"gained_bonuses":[],"is_valid":true,"satisfy_stretch":true},"parameters":{"T0":12.023374218817331,"T1":0.05877440063079513,"deformation_cost_coefficient":11.861350061316566,"dislikes_cost_coefficient":0.0007752833922212186,"flip_probability":0.7890567541082341,"hop_grid_probability":0.5661796730672984,"initialize_pose_by_hole":0,"prohibit_unfeasible_after_feasible":0,"protrusion_cost_coefficient0":1.05720762646275,"protrusion_cost_coefficient1":0.00516601856695856,"shift_max_delta":1,"shift_probability":0.32475145158215507,"single_small_change_max_delta":1,"single_small_change_probability":0.6023553834368667,"slide_protrusion_max_delta":2.0568320255755053,"slide_protrusion_probability":0.6774666098587434,"slight_rotate_max_deg":3.9060814433805358,"slight_rotate_probability":0.007848365999558411,"vote_pow":5.442364395278783},"solver":"RandomRestartSolver"},"vertices":[[8,8],[21,28],[30,15],[20,5],[9,26]]}