{"bonuses":[],"meta":{"created_at":"2021/07/12 16:55:23","elapsed_s":48.187249,"git_commit":"d97787cad9a65e2a9a4398868d2cee4a9680b2ec","judge":{"dislikes":45,"fit_in_hole":true,"gained_bonuses":[],"is_valid":true,"satisfy_stretch":true},"parameters":{"T0":70.49907077528191,"T1":0.002116856416901359,"deformation_cost_coefficient":85.81452566845739,"dislikes_cost_coefficient":1.9169785296352115e-05,"flip_probability":0.059468658780893247,"hop_grid_probability":0.3802287851912083,"initialize_pose_by_hole":0,"prohibit_unfeasible_after_feasible":0,"protrusion_cost_coefficient0":0.13940315966577876,"protrusion_cost_coefficient1":0.07709928032803072,"shift_max_delta":1,"shift_probability":0.8866005515768006,"single_small_change_max_delta":1,"single_small_change_probability":0.2424876570985356,"slide_protrusion_max_delta":1.1837133866688294,"slide_protrusion_probability":0.6680672959308551,"slight_rotate_max_deg":3.7576543477367723,"slight_rotate_probability":0.14194435618989598,"vote_pow":7.365825507652744},"solver":"RandomRestartSolver"},"vertices":[[1,1],[46,62],[38,33],[4,16],[32,22],[32,36],[49,49],[46,11],[29,20],[44,57],[67,53]]}