{"bonuses": [], "meta": {"created_at": "2021/07/12 16:57:27", "elapsed_s": 142.58459, "git_commit": "d97787cad9a65e2a9a4398868d2cee4a9680b2ec", "judge": {"dislikes": 40, "fit_in_hole": true, "gained_bonuses": [], "is_valid": true, "satisfy_stretch": true}, "solver": "RandomRestartSolver", "parameters": {"initialize_pose_by_hole": 0, "T0": 11.760880066149182, "T1": 0.060607981073061694, "single_small_change_max_delta": 3, "shift_max_delta": 3, "slight_rotate_max_deg": 1.651191462612617, "vote_pow": 4.925634264156967, "slide_protrusion_max_delta": 2.7641811876498585, "single_small_change_probability": 0.05805719640158291, "slight_rotate_probability": 0.15122015022149393, "shift_probability": 0.39733606416022405, "hop_grid_probability": 0.5660059332190587, "flip_probability": 0.17906199090675268, "slide_protrusion_probability": 0.6209141826142323, "protrusion_cost_coefficient0": 3.8215385846394017, "protrusion_cost_coefficient1": 0.005742272991129093, "deformation_cost_coefficient": 3.757678132998449, "dislikes_cost_coefficient": 0.0326138148237385, "prohibit_unfeasible_after_feasible": 0}}, "vertices": [[6, 26], [10, 41], [35, 16], [9, 19], [7, 48], [47, 27], [5, 5], [20, 38], [23, 34], [55, 22], [60, 20], [65, 24], [62, 21], [65, 16], [31, 71], [46, 74], [39, 81], [66, 24], [63, 20], [79, 13], [69, 30], [65, 27], [95, 8], [31, 73], [78, 33], [81, 29], [30, 89], [33, 62], [38, 62], [74, 38], [87, 32], [94, 27], [79, 37], [88, 37], [70, 90], [78, 44], [82, 41], [94, 46], [55, 66], [59, 68], [79, 53], [50, 95], [69, 70]]}