{"bonuses": [], "meta": {"created_at": "2021/07/12 16:55:10", "elapsed_s": 53.252831, "git_commit": "d97787cad9a65e2a9a4398868d2cee4a9680b2ec", "judge": {"dislikes": 226, "fit_in_hole": true, "gained_bonuses": [], "is_valid": true, "satisfy_stretch": true}, "solver": "RandomRestartSolver", "parameters": {"initialize_pose_by_hole": 0, "T0": 1.3424202499362834, "T1": 0.01835465635637567, "single_small_change_max_delta": 3, "shift_max_delta": 1, "slight_rotate_max_deg": 1.1587179937390095, "vote_pow": 7.7817088848506435, "slide_protrusion_max_delta": 1.8416399353074322, "single_small_change_probability": 0.6025808898866996, "slight_rotate_probability": 0.11469057822148421, "shift_probability": 0.17764037517624498, "hop_grid_probability": 0.1291936277521767, "flip_probability": 0.27620688805193927, "slide_protrusion_probability": 0.14787095166143638, "protrusion_cost_coefficient0": 4.52710275464229, "protrusion_cost_coefficient1": 0.09531008115014868, "deformation_cost_coefficient": 1.2998107194611928, "dislikes_cost_coefficient": 1.6508809151800296e-05, "prohibit_unfeasible_after_feasible": 0}}, "vertices": [[15, 78], [10, 45], [31, 42], [9, 50], [31, 55], [10, 26], [25, 31], [6, 48], [7, 5], [11, 48], [37, 49], [0, 27]]}