{"bonuses":[],"meta":{"created_at":"2021/07/12 17:25:06","elapsed_s":119.839845,"git_commit":"d97787cad9a65e2a9a4398868d2cee4a9680b2ec","judge":{"dislikes":1655,"fit_in_hole":true,"gained_bonuses":[],"is_valid":true,"satisfy_stretch":true},"parameters":{"T0":5.329719127149044,"T1":0.0021527706582073875,"deformation_cost_coefficient":3.4090692349973284,"dislikes_cost_coefficient":2.5103438990456647e-05,"flip_probability":0.9804160115986832,"hop_grid_probability":0.3605757549837416,"initialize_pose_by_hole":0,"prohibit_unfeasible_after_feasible":0,"protrusion_cost_coefficient0":2.4744965796639673,"protrusion_cost_coefficient1":0.0012901546571812386,"shift_max_delta":1,"shift_probability":0.9270067692088606,"single_small_change_max_delta":3,"single_small_change_probability":0.16470366824965277,"slide_protrusion_max_delta":1.5647894458693308,"slide_protrusion_probability":0.1452301116263679,"slight_rotate_max_deg":1.932418680297904,"slight_rotate_probability":0.9790919141729271,"vote_pow":8.674020691967074},"solver":"RandomRestartSolver"},"vertices":[[35,52],[52,35],[13,46],[41,14],[19,23],[13,7],[35,4]]}