{"bonuses":[],"meta":{"created_at":"2021/07/12 17:02:28","elapsed_s":157.708687,"git_commit":"d97787cad9a65e2a9a4398868d2cee4a9680b2ec","judge":{"dislikes":270,"fit_in_hole":true,"gained_bonuses":[],"is_valid":true,"satisfy_stretch":true},"parameters":{"T0":21.808605779100063,"T1":0.03109088760280641,"deformation_cost_coefficient":4.202297893530378,"dislikes_cost_coefficient":0.006898089008558242,"flip_probability":0.9754212112861322,"hop_grid_probability":0.3702201016911363,"initialize_pose_by_hole":0,"prohibit_unfeasible_after_feasible":0,"protrusion_cost_coefficient0":0.28730053566663444,"protrusion_cost_coefficient1":0.002021807835374548,"shift_max_delta":3,"shift_probability":0.3598597353235422,"single_small_change_max_delta":1,"single_small_change_probability":0.9266314773547502,"slide_protrusion_max_delta":2.680205159518512,"slide_protrusion_probability":0.43329385545202526,"slight_rotate_max_deg":3.6611133534795277,"slight_rotate_probability":0.3020870483679394,"vote_pow":5.010659353795687},"solver":"RandomRestartSolver"},"vertices":[[42,51],[44,54],[46,51],[36,54],[28,58],[51,15],[47,13],[68,36],[55,15],[26,50],[88,72],[69,31],[57,38],[78,52],[96,69],[87,63],[56,30],[56,26],[71,47],[93,61],[54,33],[52,28],[63,52],[57,56],[60,64],[41,33],[37,38],[40,36],[40,33],[57,82],[40,47],[59,73],[31,39],[36,28],[31,29],[33,47],[48,82],[28,50],[49,74],[17,72],[20,56],[18,61],[16,57],[13,68],[7,71]]}