{"bonuses":[],"meta":{"created_at":"2021/07/12 17:36:59","elapsed_s":84.546392,"git_commit":"d97787cad9a65e2a9a4398868d2cee4a9680b2ec","judge":{"dislikes":3757,"fit_in_hole":true,"gained_bonuses":[],"is_valid":true,"satisfy_stretch":true},"parameters":{"T0":2.1112571742410746,"T1":0.0035724080450170764,"deformation_cost_coefficient":2.160982191067995,"dislikes_cost_coefficient":3.511063113692436e-05,"flip_probability":0.6225888459592369,"hop_grid_probability":0.0401146240087108,"initialize_pose_by_hole":0,"prohibit_unfeasible_after_feasible":0,"protrusion_cost_coefficient0":1.606769270037947,"protrusion_cost_coefficient1":0.041072570467160105,"shift_max_delta":1,"shift_probability":0.9653479236096779,"single_small_change_max_delta":2,"single_small_change_probability":0.014326730676052946,"slide_protrusion_max_delta":2.171325269233028,"slide_protrusion_probability":0.7191245777519927,"slight_rotate_max_deg":4.430674337419285,"slight_rotate_probability":0.28426017439998263,"vote_pow":3.4263600617943215},"solver":"RandomRestartSolver"},"vertices":[[2,62],[27,40],[37,16],[24,44],[13,88],[14,18],[35,70],[49,51],[31,35]]}