{"bonuses":[],"meta":{"created_at":"2021/07/12 17:16:08","elapsed_s":270.020789,"git_commit":"","judge":{"dislikes":481,"fit_in_hole":true,"gained_bonuses":[{"bonus":"GLOBALIST","position":[78,95],"problem":80}],"is_valid":true,"satisfy_stretch":true},"parameters":{"T0":18.225567936882143,"T1":0.003149399650570342,"deformation_cost_coefficient":1.89687107126325,"dislikes_cost_coefficient":0.015526432186265005,"flip_probability":0.9455588627554393,"hop_grid_probability":0.5987603212851087,"initialize_pose_by_hole":0,"prohibit_unfeasible_after_feasible":0,"protrusion_cost_coefficient0":2.62823668658695,"protrusion_cost_coefficient1":0.0060368006411638826,"shift_max_delta":2,"shift_probability":0.2984547479229813,"single_small_change_max_delta":2,"single_small_change_probability":0.009310124384807938,"slide_protrusion_max_delta":1.5615298963104702,"slide_protrusion_probability":0.2930686752953612,"slight_rotate_max_deg":3.6467098099804938,"slight_rotate_probability":0.4308294490811515,"vote_pow":4.578530047950718},"solver":"RandomRestartSolver"},"vertices":[[0,70],[2,5],[9,58],[6,49],[87,64],[11,31],[71,66],[19,63],[50,63],[61,66],[30,55],[27,45],[43,35],[51,16],[37,57],[32,40],[36,37],[51,71],[43,5],[47,57],[51,38],[46,39],[57,81],[42,52],[49,45],[53,38],[47,19],[51,71],[66,85],[38,65],[78,95],[72,28],[35,76],[70,42],[60,3],[90,38]]}