{"bonuses": [], "meta": {"created_at": "2021/07/12 17:42:24", "elapsed_s": 412.27329, "git_commit": "d97787cad9a65e2a9a4398868d2cee4a9680b2ec", "judge": {"dislikes": 896, "fit_in_hole": true, "gained_bonuses": [], "is_valid": true, "satisfy_stretch": true}, "solver": "RandomRestartSolver", "parameters": {"initialize_pose_by_hole": 1, "T0": 4.047457792098291, "T1": 0.013170994099582767, "single_small_change_max_delta": 2, "shift_max_delta": 2, "slight_rotate_max_deg": 1.7136907502667507, "vote_pow": 2.207920146290384, "slide_protrusion_max_delta": 1.4698311006520388, "single_small_change_probability": 0.14792121567039274, "slight_rotate_probability": 0.6791432344521829, "shift_probability": 0.9864409384009817, "hop_grid_probability": 0.3427190652234371, "flip_probability": 0.10695258645972494, "slide_protrusion_probability": 0.9093704229401344, "protrusion_cost_coefficient0": 0.11566621042870354, "protrusion_cost_coefficient1": 0.013296321374040177, "deformation_cost_coefficient": 92.56828971431975, "dislikes_cost_coefficient": 1.631330896301811e-05, "prohibit_unfeasible_after_feasible": 0}}, "vertices": [[49, 103], [70, 80], [110, 41], [31, 125], [89, 81], [105, 50], [51, 32], [29, 89], [62, 45], [101, 96], [48, 26], [54, 23], [34, 9], [47, 19], [125, 16], [29, 15], [4, 118], [38, 25], [24, 20], [60, 21], [91, 79], [43, 30], [44, 31], [10, 64], [50, 31], [77, 65], [87, 55], [65, 64], [53, 44], [95, 7], [62, 69], [12, 93], [95, 42], [32, 82]]}