{"bonuses":[],"meta":{"created_at":"2021/07/12 17:06:19","elapsed_s":241.38669199999998,"git_commit":"d97787cad9a65e2a9a4398868d2cee4a9680b2ec","judge":{"dislikes":284,"fit_in_hole":true,"gained_bonuses":[],"is_valid":true,"satisfy_stretch":true},"parameters":{"T0":95.6241466016864,"T1":0.025736512088565627,"deformation_cost_coefficient":5.34506483311218,"dislikes_cost_coefficient":0.034804933001616314,"flip_probability":0.5506989414931408,"hop_grid_probability":0.4636575760810554,"initialize_pose_by_hole":1,"prohibit_unfeasible_after_feasible":1,"protrusion_cost_coefficient0":0.7244585128053592,"protrusion_cost_coefficient1":0.03211106673547003,"shift_max_delta":2,"shift_probability":0.2527142084791453,"single_small_change_max_delta":1,"single_small_change_probability":0.13676746480166124,"slide_protrusion_max_delta":1.8865117904426676,"slide_protrusion_probability":0.23906261693081365,"slight_rotate_max_deg":1.42119420011815,"slight_rotate_probability":0.9605812954658596,"vote_pow":3.1120594018379624},"solver":"RandomRestartSolver"},"vertices":[[38,27],[43,23],[45,5],[52,4],[25,27],[32,30],[46,17],[48,11],[59,6],[13,28],[19,30],[38,29],[41,23],[50,18],[53,11],[18,32],[25,33],[32,32],[44,29],[50,25],[14,38],[21,39],[34,39],[39,35],[49,32],[52,39],[21,40],[27,44],[33,47],[39,43],[45,39],[57,46],[21,47],[27,51],[29,53],[33,47],[43,46],[50,43],[27,51],[33,55],[28,60],[33,54],[39,52],[33,55],[26,56],[22,62],[28,60],[34,57],[35,64],[22,62],[18,68],[27,67],[33,64],[35,71],[14,74],[21,71],[36,70],[38,77]]}