{"bonuses": [], "meta": {"created_at": "2021/07/12 17:59:27", "elapsed_s": 583.877125, "git_commit": "d97787cad9a65e2a9a4398868d2cee4a9680b2ec", "judge": {"dislikes": 1068, "fit_in_hole": true, "gained_bonuses": [], "is_valid": true, "satisfy_stretch": true}, "solver": "RandomRestartSolver", "parameters": {"initialize_pose_by_hole": 1, "T0": 7.8899550173692985, "T1": 0.0016030088101049434, "single_small_change_max_delta": 3, "shift_max_delta": 2, "slight_rotate_max_deg": 4.77567260056391, "vote_pow": 1.0332652581133663, "slide_protrusion_max_delta": 2.2850053161215835, "single_small_change_probability": 0.5763709759265051, "slight_rotate_probability": 0.8646146713020166, "shift_probability": 0.059104140109836, "hop_grid_probability": 0.4070340492769212, "flip_probability": 0.1637518078669441, "slide_protrusion_probability": 0.5993632847847016, "protrusion_cost_coefficient0": 0.17438371981572293, "protrusion_cost_coefficient1": 0.0869628357102593, "deformation_cost_coefficient": 31.67805858637873, "dislikes_cost_coefficient": 0.06772000189275566, "prohibit_unfeasible_after_feasible": 1}}, "vertices": [[1, 137], [15, 183], [18, 163], [18, 159], [27, 135], [31, 202], [69, 22], [67, 80], [51, 203], [44, 156], [48, 42], [39, 86], [49, 107], [36, 179], [53, 29], [51, 18], [55, 128], [48, 72], [64, 5], [52, 63], [65, 230], [72, 105], [63, 46], [68, 28], [71, 154], [67, 81], [71, 62], [66, 186], [48, 211], [54, 16], [46, 31], [90, 82], [100, 108], [82, 129], [65, 31], [134, 52], [117, 87], [137, 204], [119, 124], [138, 77], [117, 64], [148, 173], [166, 145], [130, 108], [137, 135], [147, 55], [129, 85], [152, 240], [152, 79], [150, 94], [141, 132], [159, 205], [153, 125], [166, 39], [182, 175], [164, 151], [165, 63], [173, 82], [135, 147], [237, 192], [126, 218], [173, 139], [206, 194], [187, 66], [190, 164], [223, 172], [220, 167], [225, 197], [252, 174], [252, 170], [229, 167], [248, 146], [248, 206]]}