{"bonuses":[],"meta":{"created_at":"2021/07/12 17:55:53","elapsed_s":799.1404719999999,"git_commit":"d97787cad9a65e2a9a4398868d2cee4a9680b2ec","judge":{"dislikes":30,"fit_in_hole":true,"gained_bonuses":[],"is_valid":true,"satisfy_stretch":true},"parameters":{"T0":25.834767641331194,"T1":0.0010737051814001032,"deformation_cost_coefficient":24.7617491076958,"dislikes_cost_coefficient":0.008352827435109275,"flip_probability":0.7165910520949126,"hop_grid_probability":0.42445623774480523,"initialize_pose_by_hole":1,"prohibit_unfeasible_after_feasible":1,"protrusion_cost_coefficient0":0.5576326882414251,"protrusion_cost_coefficient1":0.09296910831920137,"shift_max_delta":3,"shift_probability":0.17500747870909195,"single_small_change_max_delta":2,"single_small_change_probability":0.19774975046356336,"slide_protrusion_max_delta":2.7023125297702326,"slide_protrusion_probability":0.23787966843955766,"slight_rotate_max_deg":2.997025446489274,"slight_rotate_probability":0.40025008579793353,"vote_pow":7.508436846319525},"solver":"RandomRestartSolver"},"vertices":[[61,14],[40,18],[73,22],[41,37],[60,47],[55,25],[61,40],[60,54],[71,31],[80,57],[27,64],[72,34],[69,26],[26,31],[78,34],[62,59],[58,60],[69,56],[20,11],[20,45],[1,37],[68,62],[59,40],[5,30],[62,17],[45,39],[64,0],[26,29],[61,44],[41,46],[70,28],[61,1],[25,32],[58,42],[38,28],[41,25],[35,48],[40,33],[45,59],[21,49],[31,18],[28,64],[40,34],[73,32],[35,48],[45,23],[40,22],[46,15],[21,28],[49,38],[60,47],[36,37],[28,26],[25,42],[49,67],[58,10],[73,12],[38,23],[73,24],[44,19],[31,18],[35,43],[47,30],[46,26],[64,52],[43,43],[22,58],[52,46],[56,8],[34,19],[54,9],[67,64],[41,45],[62,52],[24,56],[70,30],[47,69],[0,44],[64,31],[46,69],[50,19],[53,35],[50,45],[62,59],[59,10],[48,46],[73,27],[66,40]]}