{"bonuses": [], "meta": {"created_at": "2021/07/12 18:18:59", "elapsed_s": 1196.308503, "git_commit": "d97787cad9a65e2a9a4398868d2cee4a9680b2ec", "judge": {"dislikes": 3314, "fit_in_hole": true, "gained_bonuses": [], "is_valid": true, "satisfy_stretch": true}, "solver": "RandomRestartSolver", "parameters": {"initialize_pose_by_hole": 1, "T0": 53.87241233106092, "T1": 0.08198942453267302, "single_small_change_max_delta": 2, "shift_max_delta": 1, "slight_rotate_max_deg": 2.5943667588367894, "vote_pow": 7.509003904142881, "slide_protrusion_max_delta": 2.1027461526295563, "single_small_change_probability": 0.11264710427984748, "slight_rotate_probability": 0.3098244764518632, "shift_probability": 0.013489196350514487, "hop_grid_probability": 0.23773506080321505, "flip_probability": 0.4591029659030842, "slide_protrusion_probability": 0.04309586311965308, "protrusion_cost_coefficient0": 2.1860629073606583, "protrusion_cost_coefficient1": 0.04589519735988708, "deformation_cost_coefficient": 2.611351101917762, "dislikes_cost_coefficient": 0.0016149704356533691, "prohibit_unfeasible_after_feasible": 0}}, "vertices": [[103, 24], [107, 27], [122, 36], [119, 40], [100, 44], [103, 38], [106, 41], [81, 97], [99, 38], [101, 37], [94, 41], [78, 85], [92, 39], [110, 58], [120, 139], [65, 27], [106, 55], [64, 31], [129, 70], [47, 29], [128, 132], [142, 117], [51, 31], [70, 28], [92, 127], [144, 123], [97, 113], [118, 71], [119, 68], [102, 78], [75, 43], [65, 34], [99, 106], [60, 36], [80, 42], [66, 37], [106, 80], [108, 71], [57, 37], [101, 134], [156, 120], [105, 68], [148, 131], [160, 122], [88, 94], [92, 115], [90, 128], [153, 135], [86, 93], [71, 72], [58, 68], [147, 142], [77, 96], [100, 137], [144, 146], [77, 79], [82, 126], [152, 143], [162, 146], [150, 139], [67, 71], [79, 105], [91, 136], [78, 109], [69, 122], [63, 130], [56, 165], [73, 137], [64, 138], [80, 120], [53, 171], [82, 141], [80, 132], [66, 145], [90, 131], [24, 153], [39, 162], [96, 132], [57, 150], [40, 159], [50, 149], [72, 154], [95, 170], [51, 142], [98, 158], [99, 144], [47, 130], [96, 161], [99, 169], [104, 142], [48, 136], [103, 141], [49, 126], [107, 134], [25, 113], [91, 166], [87, 173], [88, 164], [111, 167], [109, 162], [41, 121], [39, 118], [116, 153], [121, 152], [28, 123], [110, 153], [100, 166], [22, 125], [116, 156], [95, 162], [126, 161], [129, 159], [134, 170]]}