{"bonuses":[],"meta":{"created_at":"2021/07/12 18:19:52","elapsed_s":146.851419,"git_commit":"d97787cad9a65e2a9a4398868d2cee4a9680b2ec","judge":{"dislikes":1050,"fit_in_hole":true,"gained_bonuses":[{"bonus":"BREAK_A_LEG","position":[90,19],"problem":6}],"is_valid":true,"satisfy_stretch":true},"parameters":{"T0":2.0348929794834945,"T1":0.01156965539859681,"deformation_cost_coefficient":8.793902729155239,"dislikes_cost_coefficient":1.9941216668725872e-06,"flip_probability":0.9105175822466332,"hop_grid_probability":0.37624185357183026,"initialize_pose_by_hole":0,"prohibit_unfeasible_after_feasible":0,"protrusion_cost_coefficient0":3.347155885356878,"protrusion_cost_coefficient1":0.0028802172261597654,"shift_max_delta":1,"shift_probability":0.4408779828206976,"single_small_change_max_delta":1,"single_small_change_probability":0.6927177629943717,"slide_protrusion_max_delta":1.9941373063524872,"slide_protrusion_probability":0.9369109324084989,"slight_rotate_max_deg":3.9317808099536875,"slight_rotate_probability":0.8408946337553047,"vote_pow":3.4040238580230504},"solver":"RandomRestartSolver"},"vertices":[[11,51],[28,46],[30,41],[37,64],[49,69],[50,85],[48,17],[62,72],[57,74],[64,64],[79,69],[77,56],[90,19]]}