{"bonuses": [], "meta": {"created_at": "2021/07/12 18:01:38", "elapsed_s": 943.188672, "git_commit": "d97787cad9a65e2a9a4398868d2cee4a9680b2ec", "judge": {"dislikes": 6917, "fit_in_hole": true, "gained_bonuses": [], "is_valid": true, "satisfy_stretch": true}, "solver": "RandomRestartSolver", "parameters": {"initialize_pose_by_hole": 0, "T0": 5.638549900924841, "T1": 0.012316402209085696, "single_small_change_max_delta": 3, "shift_max_delta": 1, "slight_rotate_max_deg": 4.17303462183348, "vote_pow": 6.868011131447885, "slide_protrusion_max_delta": 1.023317986045922, "single_small_change_probability": 0.9581948215452943, "slight_rotate_probability": 0.6540288861208542, "shift_probability": 0.14498252585661808, "hop_grid_probability": 0.0008340264984797452, "flip_probability": 0.28780132173336137, "slide_protrusion_probability": 0.34216266566822306, "protrusion_cost_coefficient0": 3.0117160660218487, "protrusion_cost_coefficient1": 0.03541603745341981, "deformation_cost_coefficient": 12.970816871438144, "dislikes_cost_coefficient": 0.04499325770557675, "prohibit_unfeasible_after_feasible": 0}}, "vertices": [[40, 20], [46, 16], [63, 17], [69, 12], [26, 19], [33, 22], [51, 22], [58, 22], [72, 19], [19, 32], [25, 27], [38, 27], [45, 27], [60, 29], [65, 23], [24, 35], [32, 31], [39, 34], [50, 33], [56, 35], [31, 37], [38, 36], [44, 39], [51, 41], [52, 41], [59, 39], [39, 39], [43, 43], [49, 44], [52, 49], [46, 47], [54, 45], [44, 43], [50, 47], [51, 51], [45, 53], [42, 53], [48, 49], [50, 47], [55, 53], [51, 58], [43, 60], [37, 58], [56, 51], [61, 57], [51, 65], [44, 68], [33, 64], [26, 64], [60, 65], [55, 71], [41, 74], [34, 71], [22, 71], [55, 78], [48, 78], [27, 73], [22, 79]]}