{"bonuses":[],"meta":{"created_at":"2021/07/12 16:55:23","elapsed_s":462.13068499999997,"git_commit":"d97787cad9a65e2a9a4398868d2cee4a9680b2ec","judge":{"dislikes":2118,"fit_in_hole":true,"gained_bonuses":[],"is_valid":true,"satisfy_stretch":true},"parameters":{"T0":1.4702019036046772,"T1":0.013739163654167722,"deformation_cost_coefficient":1.1613850652586328,"dislikes_cost_coefficient":0.0924068721847597,"flip_probability":0.34746127293447715,"hop_grid_probability":0.6832431572712344,"initialize_pose_by_hole":0,"prohibit_unfeasible_after_feasible":0,"protrusion_cost_coefficient0":0.6325404364045341,"protrusion_cost_coefficient1":0.03601875665229079,"shift_max_delta":3,"shift_probability":0.013263892892453888,"single_small_change_max_delta":3,"single_small_change_probability":0.8439788403534992,"slide_protrusion_max_delta":2.2005030533113397,"slide_protrusion_probability":0.1928532931994914,"slight_rotate_max_deg":4.822841766656669,"slight_rotate_probability":0.01910866121997834,"vote_pow":8.52452705719493},"solver":"RandomRestartSolver"},"vertices":[[143,56],[86,34],[134,48],[91,34],[155,60],[93,11],[148,63],[96,6],[93,26],[149,55],[97,25],[100,28],[103,25],[120,75],[103,54],[104,48],[137,8],[141,13],[96,147],[128,8],[87,60],[97,33],[101,98],[90,155],[97,138],[98,122],[154,5],[92,94],[143,6],[95,146],[64,74],[71,69],[83,95],[82,90],[124,140],[127,142],[66,80],[69,74],[74,95],[120,138],[110,135],[61,80],[63,71],[117,136],[106,133],[72,91],[118,139],[68,89],[68,87],[67,82],[66,75],[71,92],[20,19],[19,13],[63,79],[60,72],[71,97],[19,24],[67,144],[71,104],[62,96],[57,76],[53,71],[85,122],[51,56],[66,133],[64,104],[7,7],[51,74],[46,71],[13,14],[69,153],[63,115],[65,142],[47,85],[6,155],[44,106],[36,91],[10,79],[19,138],[10,147],[25,87],[10,83],[26,131],[33,84],[33,79],[25,135],[34,89],[31,84],[17,96],[21,139],[13,93],[19,91],[17,95],[41,131],[35,128]]}