{"bonuses": [], "meta": {"created_at": "2021/07/12 18:15:39", "elapsed_s": 1197.721362, "git_commit": "d97787cad9a65e2a9a4398868d2cee4a9680b2ec", "judge": {"dislikes": 3783, "fit_in_hole": true, "gained_bonuses": [], "is_valid": true, "satisfy_stretch": true}, "solver": "RandomRestartSolver", "parameters": {"initialize_pose_by_hole": 0, "T0": 4.859949056765986, "T1": 0.0017644142654099702, "single_small_change_max_delta": 1, "shift_max_delta": 3, "slight_rotate_max_deg": 2.0446892513503174, "vote_pow": 5.9455084342748075, "slide_protrusion_max_delta": 1.3601688614554872, "single_small_change_probability": 0.028976543481765482, "slight_rotate_probability": 0.6380647752840474, "shift_probability": 0.7042180646147449, "hop_grid_probability": 0.6536746307435792, "flip_probability": 0.31743992279346767, "slide_protrusion_probability": 0.5617501886712357, "protrusion_cost_coefficient0": 0.5939450403291309, "protrusion_cost_coefficient1": 0.030419738929524764, "deformation_cost_coefficient": 22.99741716601775, "dislikes_cost_coefficient": 0.00016571790459223953, "prohibit_unfeasible_after_feasible": 0}}, "vertices": [[58, 99], [50, 98], [31, 43], [62, 111], [37, 128], [58, 106], [33, 40], [52, 104], [42, 126], [57, 120], [52, 128], [42, 127], [45, 103], [38, 66], [57, 105], [47, 125], [26, 69], [64, 25], [56, 100], [51, 99], [56, 76], [60, 24], [63, 119], [58, 129], [24, 54], [44, 82], [53, 95], [52, 86], [42, 85], [71, 56], [75, 52], [48, 105], [28, 70], [21, 74], [68, 35], [52, 90], [57, 83], [47, 84], [48, 87], [17, 56], [52, 97], [19, 48], [65, 62], [71, 61], [70, 44], [48, 65], [68, 38], [49, 73]]}