{"bonuses":[],"meta":{"created_at":"2021/07/12 10:45:29","elapsed_s":72.92801299999999,"git_commit":"2771c8ba8145eaa8035d5e86189de4ae37a4323d","judge":{"dislikes":624,"fit_in_hole":true,"gained_bonuses":[],"is_valid":true,"satisfy_stretch":true},"parameters":{"T0":1.0971961968341437,"T1":0.06435751617247483,"deformation_cost_coefficient":23.529868923146527,"dislikes_cost_coefficient":0.0684360694008154,"flip_probability":0.9673918117791819,"hop_grid_probability":0.9174456915371111,"initialize_pose_by_hole":0,"prohibit_unfeasible_after_feasible":0,"protrusion_cost_coefficient0":9.788264580670258,"protrusion_cost_coefficient1":0.050885975930234556,"shift_max_delta":1,"shift_probability":0.5900585215749404,"single_small_change_max_delta":3,"single_small_change_probability":0.6596737264020113,"slide_protrusion_max_delta":1.511107604090617,"slide_protrusion_probability":0.4203526954784213,"slight_rotate_max_deg":3.6863953308768,"slight_rotate_probability":0.8149834668698775,"vote_pow":4.935212614816929},"solver":"OptunaAnnealingSolver"},"vertices":[[35,51],[41,59],[83,93],[33,26],[48,40],[59,70],[73,92],[30,15],[44,29],[40,18],[49,76],[36,7],[34,27],[30,16],[32,38],[40,69],[27,94],[17,93],[11,13],[18,21]]}