{"bonuses": [], "meta": {"created_at": "2021/07/12 09:10:22", "elapsed_s": 76.28561599999999, "git_commit": "2771c8ba8145eaa8035d5e86189de4ae37a4323d", "judge": {"dislikes": 648, "fit_in_hole": true, "gained_bonuses": [], "is_valid": true, "satisfy_stretch": true}, "solver": "OptunaAnnealingSolver", "parameters": {"initialize_pose_by_hole": 0, "T0": 1.3212800000257336, "T1": 0.015130585378467164, "single_small_change_max_delta": 2, "shift_max_delta": 2, "slight_rotate_max_deg": 4.042199804921314, "vote_pow": 4.633395090716058, "slide_protrusion_max_delta": 1.9365840521501043, "single_small_change_probability": 0.3444383726473402, "slight_rotate_probability": 0.9696777716886404, "shift_probability": 0.6111357651385383, "hop_grid_probability": 0.826569483626218, "flip_probability": 0.9627035454407168, "slide_protrusion_probability": 0.23717999455203467, "protrusion_cost_coefficient0": 7.81728580441037, "protrusion_cost_coefficient1": 0.001108404347155208, "deformation_cost_coefficient": 32.6520175652314, "dislikes_cost_coefficient": 0.007908258031274776, "prohibit_unfeasible_after_feasible": 0}}, "vertices": [[45, 53], [35, 51], [83, 92], [34, 26], [51, 38], [59, 69], [73, 93], [30, 15], [44, 29], [40, 18], [50, 76], [36, 7], [34, 27], [30, 17], [33, 38], [41, 69], [28, 93], [18, 93], [12, 13], [19, 21]]}