{"bonuses": [], "meta": {"created_at": "2021/07/12 03:02:33", "elapsed_s": 108.646332, "git_commit": "2771c8ba8145eaa8035d5e86189de4ae37a4323d", "judge": {"dislikes": 98, "fit_in_hole": true, "gained_bonuses": [], "is_valid": true, "satisfy_stretch": true}, "solver": "OptunaAnnealingSolver", "parameters": {"initialize_pose_by_hole": 0, "T0": 4.305280760903048, "T1": 0.05477549760365461, "single_small_change_max_delta": 1, "shift_max_delta": 1, "slight_rotate_max_deg": 1.9168473822693883, "vote_pow": 3.13305552531763, "slide_protrusion_max_delta": 2.8657927289008347, "single_small_change_probability": 0.7515353013845809, "slight_rotate_probability": 0.06741087234273901, "shift_probability": 0.8741839527513701, "hop_grid_probability": 0.5381703684002057, "flip_probability": 0.2346766093568608, "slide_protrusion_probability": 0.3402634758843829, "protrusion_cost_coefficient0": 0.9757478857497605, "protrusion_cost_coefficient1": 0.012416857114465609, "deformation_cost_coefficient": 7.773777819072767, "dislikes_cost_coefficient": 0.0832135229743062, "prohibit_unfeasible_after_feasible": 0}}, "vertices": [[74, 66], [66, 59], [63, 71], [81, 75], [74, 65], [56, 85], [47, 85], [21, 69], [57, 76], [23, 65], [72, 58], [67, 65], [40, 78], [19, 77], [48, 80], [69, 53], [27, 73], [64, 57], [23, 75], [72, 50], [21, 78], [77, 49], [77, 46], [18, 78], [33, 70], [13, 79], [73, 52], [73, 49], [68, 53], [11, 84], [68, 46], [70, 51], [27, 74], [60, 44], [18, 83], [22, 82], [64, 51], [36, 56], [46, 48], [41, 45], [39, 49], [44, 42], [49, 31], [56, 30], [55, 26], [53, 24], [29, 36], [21, 24], [19, 22], [54, 18], [25, 27], [24, 36], [46, 15], [20, 29], [28, 33], [55, 9], [12, 14], [12, 11]]}