{"bonuses": [], "meta": {"created_at": "2021/07/12 10:03:32", "elapsed_s": 110.444603, "git_commit": "2771c8ba8145eaa8035d5e86189de4ae37a4323d", "judge": {"dislikes": 63, "fit_in_hole": true, "gained_bonuses": [], "is_valid": true, "satisfy_stretch": true}, "solver": "OptunaAnnealingSolver", "parameters": {"initialize_pose_by_hole": 0, "T0": 6.237077654397344, "T1": 0.08176873230188676, "single_small_change_max_delta": 1, "shift_max_delta": 1, "slight_rotate_max_deg": 2.1911151194807816, "vote_pow": 4.9528309732418565, "slide_protrusion_max_delta": 2.146340577934513, "single_small_change_probability": 0.707341992360023, "slight_rotate_probability": 0.031473129928192844, "shift_probability": 0.7699220929244472, "hop_grid_probability": 0.16966229286576123, "flip_probability": 0.07469521955951464, "slide_protrusion_probability": 0.2632384676190548, "protrusion_cost_coefficient0": 1.7387154853698767, "protrusion_cost_coefficient1": 0.007402642423711494, "deformation_cost_coefficient": 11.86314523193761, "dislikes_cost_coefficient": 0.09840580092292739, "prohibit_unfeasible_after_feasible": 0}}, "vertices": [[17, 84], [20, 74], [29, 82], [6, 86], [18, 84], [44, 76], [41, 83], [40, 73], [53, 75], [43, 76], [73, 65], [65, 70], [50, 79], [33, 69], [56, 85], [77, 69], [39, 68], [72, 73], [34, 73], [80, 72], [32, 70], [79, 67], [76, 68], [31, 73], [46, 69], [36, 72], [77, 62], [77, 63], [78, 57], [32, 75], [73, 53], [78, 54], [40, 72], [69, 47], [39, 78], [39, 82], [77, 48], [46, 55], [54, 45], [49, 45], [46, 48], [50, 41], [50, 30], [57, 29], [54, 26], [53, 23], [32, 36], [17, 23], [17, 26], [53, 17], [24, 29], [27, 37], [46, 14], [29, 27], [31, 35], [55, 8], [11, 10], [13, 12]]}