{"bonuses":[],"meta":{"created_at":"2021/07/12 19:12:18","elapsed_s":266.638885,"git_commit":"63357edf0d76917e612009513db2af8ef7bd275f","judge":{"dislikes":8139,"fit_in_hole":true,"gained_bonuses":[],"is_valid":true,"satisfy_stretch":true},"parameters":{"T0":2.1902819563259572,"T1":0.018145028885757544,"deformation_cost_coefficient":99.88071050545646,"dislikes_cost_coefficient":0.009189629016894678,"flip_probability":0.18382558158120815,"hop_grid_probability":0.9187986938545744,"initialize_pose_by_hole":0,"prohibit_unfeasible_after_feasible":0,"protrusion_cost_coefficient0":9.478061098255473,"protrusion_cost_coefficient1":0.0018172365380664226,"shift_max_delta":2,"shift_probability":0.5650027885329599,"single_small_change_max_delta":2,"single_small_change_probability":0.27169533096841214,"slide_protrusion_max_delta":2.3483382182229,"slide_protrusion_probability":0.5850821619669428,"slight_rotate_max_deg":4.935386132227093,"slight_rotate_probability":0.10779642060406122,"vote_pow":5.303112657236802},"solver":"OptunaAnnealingSolver"},"vertices":[[3,61],[25,20],[2,85],[16,80],[40,20],[43,16],[23,80],[85,67],[53,80],[57,77],[45,74],[42,61],[86,77],[66,69],[49,67],[58,37],[65,118],[61,102],[65,36],[106,30],[102,88],[57,108],[58,103],[70,93],[73,89],[96,37],[60,98],[71,72],[103,27],[117,14],[110,17],[41,144],[81,61],[38,137],[36,132],[38,127],[41,155],[96,59],[107,48],[97,6],[21,125],[108,60],[24,154],[97,109],[119,94],[112,123],[133,132],[130,63],[127,128],[111,114],[136,73],[107,137],[110,136],[140,49],[113,129],[115,133],[187,36],[106,127],[150,87],[141,115],[177,190],[122,116],[158,99],[162,54],[178,51],[132,121],[155,120],[159,111],[158,59],[183,57],[162,53],[134,125],[143,129],[167,105],[157,185],[165,171],[163,144],[163,134],[175,106],[171,100],[170,133],[179,112],[155,174],[187,146],[164,136],[189,139],[188,134],[177,132],[189,90],[208,123],[204,82],[189,85]]}