{"bonuses": [], "meta": {"created_at": "2021/07/12 14:10:54", "elapsed_s": 330.74216, "git_commit": "2771c8ba8145eaa8035d5e86189de4ae37a4323d", "judge": {"dislikes": 9018, "fit_in_hole": true, "gained_bonuses": [], "is_valid": true, "satisfy_stretch": true}, "solver": "OptunaAnnealingSolver", "parameters": {"initialize_pose_by_hole": 0, "T0": 3.158634749933281, "T1": 0.011114272387626831, "single_small_change_max_delta": 2, "shift_max_delta": 2, "slight_rotate_max_deg": 4.502613705892682, "vote_pow": 3.482517415851837, "slide_protrusion_max_delta": 2.460566247519315, "single_small_change_probability": 0.3047842317447744, "slight_rotate_probability": 0.10687888556688943, "shift_probability": 0.4812716743113937, "hop_grid_probability": 0.8349914932495061, "flip_probability": 0.15267646268306054, "slide_protrusion_probability": 0.602458565140106, "protrusion_cost_coefficient0": 4.176800085791988, "protrusion_cost_coefficient1": 0.002259254208350546, "deformation_cost_coefficient": 98.69830199771495, "dislikes_cost_coefficient": 0.0018357734804914795, "prohibit_unfeasible_after_feasible": 0}}, "vertices": [[19, 12], [53, 13], [20, 34], [29, 45], [45, 25], [43, 29], [35, 48], [9, 88], [42, 83], [47, 82], [58, 46], [53, 32], [19, 82], [39, 89], [57, 83], [58, 46], [66, 117], [69, 103], [62, 51], [118, 24], [8, 61], [58, 105], [63, 103], [64, 88], [69, 86], [108, 31], [63, 98], [73, 69], [97, 35], [100, 27], [94, 23], [46, 139], [83, 57], [52, 141], [50, 136], [52, 132], [35, 141], [97, 56], [114, 44], [93, 7], [51, 149], [108, 53], [38, 158], [98, 108], [115, 85], [107, 137], [145, 124], [130, 57], [140, 120], [111, 112], [132, 68], [124, 135], [122, 133], [141, 46], [128, 130], [127, 125], [188, 37], [124, 124], [142, 85], [139, 120], [176, 185], [143, 114], [147, 100], [162, 54], [178, 51], [149, 124], [153, 120], [147, 111], [157, 60], [184, 56], [163, 58], [156, 117], [166, 115], [166, 97], [155, 178], [172, 164], [158, 142], [163, 133], [167, 106], [166, 90], [160, 126], [174, 108], [164, 170], [171, 114], [161, 133], [178, 116], [180, 121], [193, 123], [192, 86], [203, 120], [207, 82], [193, 91]]}