{"bonuses":[],"meta":{"created_at":"2021/07/12 08:53:53","elapsed_s":347.039996,"git_commit":"","judge":{"dislikes":11194,"fit_in_hole":true,"gained_bonuses":[],"is_valid":true,"satisfy_stretch":true},"parameters":{"T0":2.778956567468944,"T1":0.005694307565799918,"deformation_cost_coefficient":56.55988885859463,"dislikes_cost_coefficient":0.0011546982016905495,"flip_probability":0.026542425751772424,"hop_grid_probability":0.9828759630623631,"initialize_pose_by_hole":0,"prohibit_unfeasible_after_feasible":0,"protrusion_cost_coefficient0":1.1276982254204422,"protrusion_cost_coefficient1":0.0033471006312734207,"shift_max_delta":2,"shift_probability":0.8647457577301902,"single_small_change_max_delta":2,"single_small_change_probability":0.4209232797620175,"slide_protrusion_max_delta":2.8117582104480014,"slide_protrusion_probability":0.47728805782412037,"slight_rotate_max_deg":4.33347544780781,"slight_rotate_probability":0.06525077753132778,"vote_pow":3.2695763324250215},"solver":"OptunaAnnealingSolver"},"vertices":[[50,7],[22,37],[25,7],[32,21],[36,43],[40,46],[39,23],[10,88],[46,76],[48,81],[55,40],[56,46],[16,78],[38,74],[56,65],[60,48],[73,107],[74,91],[66,53],[124,18],[2,59],[62,97],[64,92],[69,76],[68,71],[115,26],[65,87],[77,56],[108,33],[109,28],[104,24],[49,132],[89,46],[46,126],[45,121],[50,122],[51,143],[104,49],[124,48],[99,8],[56,109],[114,54],[35,145],[97,109],[108,85],[110,121],[115,110],[135,60],[120,116],[109,117],[145,67],[119,134],[108,134],[146,48],[112,129],[107,127],[193,43],[108,135],[148,85],[132,113],[155,182],[118,114],[149,99],[168,54],[184,58],[125,121],[145,118],[151,110],[172,59],[190,63],[174,52],[134,114],[139,105],[153,108],[177,184],[168,163],[162,136],[161,125],[153,121],[155,115],[168,128],[160,120],[173,173],[178,157],[165,135],[182,152],[184,147],[168,145],[178,116],[190,126],[195,118],[180,111]]}