{"bonuses":[],"meta":{"created_at":"2021/07/12 09:23:10","elapsed_s":239.98800899999998,"git_commit":"2771c8ba8145eaa8035d5e86189de4ae37a4323d","judge":{"dislikes":11928,"fit_in_hole":true,"gained_bonuses":[],"is_valid":true,"satisfy_stretch":true},"parameters":{"T0":2.80057704147305,"T1":0.006268766657622388,"deformation_cost_coefficient":9.932972787472307,"dislikes_cost_coefficient":0.0006635865583701206,"flip_probability":0.05276528410461373,"hop_grid_probability":0.6984638256645392,"initialize_pose_by_hole":0,"prohibit_unfeasible_after_feasible":0,"protrusion_cost_coefficient0":0.5009897345330315,"protrusion_cost_coefficient1":0.04525028716076381,"shift_max_delta":3,"shift_probability":0.4873762103306866,"single_small_change_max_delta":3,"single_small_change_probability":0.853230490265402,"slide_protrusion_max_delta":1.698302373342801,"slide_protrusion_probability":0.552643807968717,"slight_rotate_max_deg":3.213128176850111,"slight_rotate_probability":0.517175847615616,"vote_pow":4.851311640742208},"solver":"OptunaAnnealingSolver"},"vertices":[[87,162],[110,158],[91,137],[72,152],[93,143],[34,82],[22,78],[59,151],[72,130],[92,118],[68,130],[34,76],[63,80],[47,72],[79,112],[44,150],[67,112],[23,56],[61,121],[62,132],[92,103],[66,104],[75,95],[78,92],[57,141],[46,58],[81,87],[81,98],[35,63],[82,93],[80,90],[77,94],[73,93],[72,95],[82,88],[59,65],[71,89],[70,91],[68,85],[43,52],[76,83],[70,79],[75,85],[63,80],[74,77],[78,65],[77,70],[64,81],[74,54],[66,50],[76,74],[57,55],[64,70],[87,74],[63,28],[70,43],[70,29],[64,57],[64,42],[81,41],[65,41],[83,86],[72,93],[72,32],[87,17]]}