{"bonuses": [], "meta": {"created_at": "2021/07/12 09:07:24", "elapsed_s": 356.048675, "git_commit": "2771c8ba8145eaa8035d5e86189de4ae37a4323d", "judge": {"dislikes": 90569, "fit_in_hole": true, "gained_bonuses": [], "is_valid": true, "satisfy_stretch": true}, "solver": "OptunaAnnealingSolver", "parameters": {"initialize_pose_by_hole": 0, "T0": 1.6568303000302165, "T1": 0.0011901414343750637, "single_small_change_max_delta": 1, "shift_max_delta": 3, "slight_rotate_max_deg": 4.995501866963593, "vote_pow": 3.4156003687799985, "slide_protrusion_max_delta": 1.2376886727100715, "single_small_change_probability": 0.8454683262238529, "slight_rotate_probability": 0.973197949859115, "shift_probability": 0.058712436346075786, "hop_grid_probability": 0.6483448988680983, "flip_probability": 0.531867700947794, "slide_protrusion_probability": 0.039883723124909294, "protrusion_cost_coefficient0": 1.0950393332595316, "protrusion_cost_coefficient1": 0.012660361453010797, "deformation_cost_coefficient": 15.807851887831012, "dislikes_cost_coefficient": 0.00012037546410261455, "prohibit_unfeasible_after_feasible": 0}}, "vertices": [[85, 101], [64, 98], [63, 90], [86, 108], [71, 130], [86, 96], [75, 149], [130, 88], [80, 74], [40, 155], [43, 134], [82, 69], [103, 131], [78, 132], [152, 79], [109, 101], [93, 119], [101, 76], [73, 128], [78, 124], [62, 146], [49, 148], [92, 60], [171, 62], [67, 57], [57, 167], [34, 218], [45, 188], [98, 138], [83, 70], [129, 114], [91, 143], [149, 104], [72, 143], [100, 41], [83, 157], [85, 179], [159, 82], [86, 54], [87, 123], [112, 131], [79, 180], [54, 241], [144, 127], [98, 165], [73, 193], [71, 206], [173, 111], [118, 153], [163, 133], [82, 176], [84, 233], [152, 149], [132, 149], [175, 149], [107, 173], [161, 168], [91, 150], [180, 172], [140, 169], [186, 175], [182, 203], [208, 185]]}