{"bonuses":[],"meta":{"created_at":"2021/07/12 14:29:17","elapsed_s":347.703404,"git_commit":"","judge":{"dislikes":79088,"fit_in_hole":true,"gained_bonuses":[],"is_valid":true,"satisfy_stretch":true},"parameters":{"T0":1.863445650001244,"T1":0.0034742030004843542,"deformation_cost_coefficient":7.664704281296457,"dislikes_cost_coefficient":0.0003768299112837852,"flip_probability":0.5630415932216326,"hop_grid_probability":0.6456905905732624,"initialize_pose_by_hole":0,"prohibit_unfeasible_after_feasible":0,"protrusion_cost_coefficient0":3.7373389995018456,"protrusion_cost_coefficient1":0.01195140636541619,"shift_max_delta":3,"shift_probability":9.655341564358128e-05,"single_small_change_max_delta":1,"single_small_change_probability":0.66454248550875,"slide_protrusion_max_delta":1.2026829773444476,"slide_protrusion_probability":0.07668620249847902,"slight_rotate_max_deg":4.410848843918404,"slight_rotate_probability":0.9113981154903449,"vote_pow":3.260817128727627},"solver":"OptunaAnnealingSolver"},"vertices":[[195,104],[174,111],[170,103],[154,128],[159,127],[153,118],[158,147],[119,93],[149,114],[176,187],[193,200],[158,75],[173,151],[148,154],[110,115],[131,113],[137,137],[148,93],[140,158],[132,152],[157,174],[178,199],[163,103],[96,135],[166,57],[158,197],[153,248],[167,219],[126,153],[160,77],[108,114],[117,149],[88,124],[143,135],[153,85],[149,151],[93,183],[72,141],[146,67],[119,136],[98,136],[145,174],[183,250],[90,105],[102,166],[99,165],[168,189],[97,101],[82,154],[75,91],[85,178],[177,219],[68,109],[48,101],[74,71],[62,168],[60,90],[62,196],[53,60],[44,79],[68,64],[42,31],[75,41]]}