{"bonuses":[],"meta":{"created_at":"2021/07/12 20:02:10","elapsed_s":159.38119799999998,"git_commit":"63357edf0d76917e612009513db2af8ef7bd275f","judge":{"dislikes":68805,"fit_in_hole":true,"gained_bonuses":[],"is_valid":true,"satisfy_stretch":true},"parameters":{"T0":2.201185502954922,"T1":0.006636220183642686,"deformation_cost_coefficient":1.1181741542346857,"dislikes_cost_coefficient":6.120001464279537e-05,"flip_probability":0.5297050218187801,"hop_grid_probability":0.21614658572077267,"initialize_pose_by_hole":0,"prohibit_unfeasible_after_feasible":0,"protrusion_cost_coefficient0":1.7958592228521129,"protrusion_cost_coefficient1":0.09941006912838998,"shift_max_delta":3,"shift_probability":0.3885311005646016,"single_small_change_max_delta":2,"single_small_change_probability":0.5063781248458835,"slide_protrusion_max_delta":1.3717645284016593,"slide_protrusion_probability":0.18006786438144085,"slight_rotate_max_deg":4.203319243212595,"slight_rotate_probability":0.3527303017714075,"vote_pow":6.304730640458345},"solver":"OptunaAnnealingSolver"},"vertices":[[135,129],[116,75],[130,82],[135,82],[34,40],[123,163],[41,58],[131,61],[45,68],[103,137],[95,123],[51,84],[126,41],[95,125],[95,109],[62,96],[155,42],[141,44],[74,108],[174,178],[83,114],[80,148],[88,135],[75,129],[175,47],[182,61],[95,148],[102,134],[69,144],[168,56],[60,158],[53,166],[146,50],[127,154],[36,162],[143,70],[118,122],[132,65],[144,75]]}