{"bonuses": [], "meta": {"created_at": "2021/07/12 20:19:54", "elapsed_s": 186.792759, "git_commit": "", "judge": {"dislikes": 64264, "fit_in_hole": true, "gained_bonuses": [], "is_valid": true, "satisfy_stretch": true}, "solver": "OptunaAnnealingSolver", "parameters": {"initialize_pose_by_hole": 0, "T0": 2.3360005408062587, "T1": 0.004448076531998537, "single_small_change_max_delta": 2, "shift_max_delta": 3, "slight_rotate_max_deg": 4.301057925429826, "vote_pow": 6.449190114205592, "slide_protrusion_max_delta": 1.2990019299298237, "single_small_change_probability": 0.4312922969153659, "slight_rotate_probability": 0.32111679673030463, "shift_probability": 0.3834439905569518, "hop_grid_probability": 0.24198218149142933, "flip_probability": 0.5910861706180782, "slide_protrusion_probability": 0.18636938038042894, "protrusion_cost_coefficient0": 2.1255124509858176, "protrusion_cost_coefficient1": 0.08854787032366927, "deformation_cost_coefficient": 1.1382404527054297, "dislikes_cost_coefficient": 0.00011608685079375871, "prohibit_unfeasible_after_feasible": 0}}, "vertices": [[94, 85], [83, 30], [68, 28], [70, 23], [41, 161], [122, 71], [57, 172], [66, 43], [67, 168], [125, 105], [128, 121], [83, 165], [47, 56], [123, 121], [120, 135], [99, 165], [41, 60], [35, 45], [113, 156], [164, 39], [123, 155], [111, 119], [119, 133], [135, 167], [37, 79], [29, 93], [113, 103], [112, 119], [146, 179], [45, 93], [162, 185], [172, 184], [65, 95], [122, 71], [183, 168], [85, 86], [145, 99], [86, 99], [80, 86]]}