{"bonuses": [], "meta": {"created_at": "2021/07/12 09:59:42", "elapsed_s": 225.75027799999998, "git_commit": "2771c8ba8145eaa8035d5e86189de4ae37a4323d", "judge": {"dislikes": 68959, "fit_in_hole": true, "gained_bonuses": [], "is_valid": true, "satisfy_stretch": true}, "solver": "OptunaAnnealingSolver", "parameters": {"initialize_pose_by_hole": 0, "T0": 3.1763226539384615, "T1": 0.008444040477280748, "single_small_change_max_delta": 2, "shift_max_delta": 3, "slight_rotate_max_deg": 3.514781070136082, "vote_pow": 4.054343696702225, "slide_protrusion_max_delta": 1.370948380454954, "single_small_change_probability": 0.6443535584299165, "slight_rotate_probability": 0.3162739260194073, "shift_probability": 0.5588836406874255, "hop_grid_probability": 0.47984935640995807, "flip_probability": 0.053145233803223384, "slide_protrusion_probability": 0.14635207385093538, "protrusion_cost_coefficient0": 1.1096721396104452, "protrusion_cost_coefficient1": 0.051547990214223294, "deformation_cost_coefficient": 1.4245757583285477, "dislikes_cost_coefficient": 0.0001329573529319198, "prohibit_unfeasible_after_feasible": 0}}, "vertices": [[104, 88], [65, 50], [79, 54], [82, 58], [181, 169], [129, 62], [164, 177], [82, 38], [154, 173], [138, 92], [139, 107], [138, 168], [64, 28], [137, 108], [138, 122], [127, 156], [56, 56], [57, 42], [125, 139], [176, 37], [118, 133], [140, 105], [132, 116], [103, 141], [35, 54], [33, 69], [145, 90], [141, 103], [94, 154], [17, 72], [80, 163], [70, 166], [31, 86], [131, 60], [51, 165], [46, 73], [110, 83], [52, 88], [42, 76]]}