{"bonuses": [], "meta": {"created_at": "2021/07/12 08:30:52", "elapsed_s": 273.453238, "git_commit": "2771c8ba8145eaa8035d5e86189de4ae37a4323d", "judge": {"dislikes": 72515, "fit_in_hole": true, "gained_bonuses": [], "is_valid": true, "satisfy_stretch": true}, "solver": "OptunaAnnealingSolver", "parameters": {"initialize_pose_by_hole": 0, "T0": 2.343872473933421, "T1": 0.0022648422203557345, "single_small_change_max_delta": 2, "shift_max_delta": 2, "slight_rotate_max_deg": 4.2134724382961295, "vote_pow": 3.390941571497885, "slide_protrusion_max_delta": 1.2675032117459313, "single_small_change_probability": 0.7363831018855174, "slight_rotate_probability": 0.3161553553135821, "shift_probability": 0.4569597499615118, "hop_grid_probability": 0.6593857673543317, "flip_probability": 0.3719038558811961, "slide_protrusion_probability": 0.15794037672220618, "protrusion_cost_coefficient0": 0.7986198211204013, "protrusion_cost_coefficient1": 0.040526989935914325, "deformation_cost_coefficient": 2.431646987330392, "dislikes_cost_coefficient": 0.00017941664146587345, "prohibit_unfeasible_after_feasible": 0}}, "vertices": [[102, 124], [67, 76], [68, 60], [66, 55], [182, 58], [125, 151], [163, 54], [49, 65], [153, 50], [138, 122], [142, 107], [137, 56], [34, 51], [124, 114], [129, 100], [125, 67], [22, 79], [33, 67], [117, 82], [163, 176], [108, 88], [101, 123], [109, 110], [94, 79], [35, 93], [37, 109], [99, 139], [103, 124], [91, 63], [45, 95], [89, 46], [84, 37], [67, 98], [110, 169], [69, 25], [87, 94], [74, 165], [83, 112], [83, 97]]}