{"bonuses":[],"meta":{"created_at":"2021/07/12 19:51:21","elapsed_s":161.361966,"git_commit":"63357edf0d76917e612009513db2af8ef7bd275f","judge":{"dislikes":15781,"fit_in_hole":true,"gained_bonuses":[],"is_valid":true,"satisfy_stretch":true},"parameters":{"T0":2.5605153229477753,"T1":0.0029830090113933776,"deformation_cost_coefficient":3.9434488539522765,"dislikes_cost_coefficient":0.00036029421216307177,"flip_probability":0.04863151003578155,"hop_grid_probability":0.7995572093776857,"initialize_pose_by_hole":1,"prohibit_unfeasible_after_feasible":0,"protrusion_cost_coefficient0":2.7281613929957196,"protrusion_cost_coefficient1":0.07880651848401238,"shift_max_delta":2,"shift_probability":0.7037158638017513,"single_small_change_max_delta":1,"single_small_change_probability":0.9989515065125592,"slide_protrusion_max_delta":2.3005318995458612,"slide_protrusion_probability":0.19277702414193318,"slight_rotate_max_deg":2.440111466147958,"slight_rotate_probability":0.7068230353754802,"vote_pow":6.036347914908328},"solver":"OptunaAnnealingSolver"},"vertices":[[55,9],[100,21],[49,38],[46,30],[46,117],[75,36],[54,102],[49,48],[63,83],[62,95],[57,61],[51,52],[43,41],[25,30],[60,68],[53,46],[48,46],[67,106],[12,38],[64,76],[53,58],[48,56],[77,100],[65,69],[60,61],[41,56],[20,51],[70,90],[85,107],[56,79],[99,117],[30,66],[55,69],[81,69],[13,90],[104,72]]}