{"bonuses": [], "meta": {"created_at": "2021/07/12 11:31:43", "elapsed_s": 214.91713, "git_commit": "2771c8ba8145eaa8035d5e86189de4ae37a4323d", "judge": {"dislikes": 16273, "fit_in_hole": true, "gained_bonuses": [], "is_valid": true, "satisfy_stretch": true}, "solver": "OptunaAnnealingSolver", "parameters": {"initialize_pose_by_hole": 1, "T0": 1.6462450463502798, "T1": 0.0019606242714110466, "single_small_change_max_delta": 3, "shift_max_delta": 2, "slight_rotate_max_deg": 2.794292596544341, "vote_pow": 4.680959774850326, "slide_protrusion_max_delta": 2.24551778712233, "single_small_change_probability": 0.910716609109211, "slight_rotate_probability": 0.7436947229865426, "shift_probability": 0.7277389468646047, "hop_grid_probability": 0.4428622678860745, "flip_probability": 0.08384322268101833, "slide_protrusion_probability": 0.09544114512399146, "protrusion_cost_coefficient0": 4.044071009053935, "protrusion_cost_coefficient1": 0.015358061230337661, "deformation_cost_coefficient": 3.5892112711644266, "dislikes_cost_coefficient": 0.0001572061420635636, "prohibit_unfeasible_after_feasible": 0}}, "vertices": [[110, 71], [53, 12], [92, 84], [87, 68], [96, 116], [45, 40], [82, 106], [82, 77], [71, 89], [80, 97], [69, 72], [65, 63], [46, 57], [27, 50], [65, 77], [58, 60], [53, 58], [72, 103], [12, 47], [56, 74], [52, 50], [47, 49], [61, 98], [53, 67], [49, 57], [41, 45], [22, 36], [64, 87], [52, 103], [57, 81], [44, 118], [72, 36], [69, 81], [29, 67], [98, 23], [16, 86]]}