{"bonuses": [], "meta": {"created_at": "2021/07/12 08:50:43", "elapsed_s": 263.077168, "git_commit": "2771c8ba8145eaa8035d5e86189de4ae37a4323d", "judge": {"dislikes": 19259, "fit_in_hole": true, "gained_bonuses": [], "is_valid": true, "satisfy_stretch": true}, "solver": "OptunaAnnealingSolver", "parameters": {"initialize_pose_by_hole": 1, "T0": 1.9057454028061622, "T1": 0.0025600084820802923, "single_small_change_max_delta": 3, "shift_max_delta": 2, "slight_rotate_max_deg": 2.8646853957635368, "vote_pow": 4.996986914074692, "slide_protrusion_max_delta": 2.281332357913256, "single_small_change_probability": 0.999205089927037, "slight_rotate_probability": 0.8863425481837114, "shift_probability": 0.7462647392287486, "hop_grid_probability": 0.4221594575222037, "flip_probability": 0.0886508853563609, "slide_protrusion_probability": 0.11450045821017876, "protrusion_cost_coefficient0": 6.500566441706758, "protrusion_cost_coefficient1": 0.01685182069252482, "deformation_cost_coefficient": 3.9842183135522293, "dislikes_cost_coefficient": 5.770361654123143e-05, "prohibit_unfeasible_after_feasible": 0}}, "vertices": [[50, 13], [93, 21], [80, 78], [47, 36], [107, 104], [69, 38], [97, 90], [71, 72], [78, 78], [87, 86], [64, 61], [54, 57], [40, 55], [19, 59], [70, 65], [49, 52], [47, 57], [92, 76], [17, 73], [77, 72], [55, 71], [53, 66], [100, 83], [70, 74], [61, 75], [50, 59], [31, 67], [90, 80], [110, 80], [58, 79], [122, 71], [63, 94], [68, 75], [74, 93], [41, 113], [77, 116]]}