{"bonuses": [], "meta": {"created_at": "2021/07/12 08:54:10", "elapsed_s": 301.39061799999996, "git_commit": "2771c8ba8145eaa8035d5e86189de4ae37a4323d", "judge": {"dislikes": 25257, "fit_in_hole": true, "gained_bonuses": [], "is_valid": true, "satisfy_stretch": true}, "solver": "OptunaAnnealingSolver", "parameters": {"initialize_pose_by_hole": 0, "T0": 2.7710071174022604, "T1": 0.007651749407526738, "single_small_change_max_delta": 2, "shift_max_delta": 3, "slight_rotate_max_deg": 1.8987579822575797, "vote_pow": 4.02749069072362, "slide_protrusion_max_delta": 1.5545706266065982, "single_small_change_probability": 0.38240428975504837, "slight_rotate_probability": 0.6490099777459053, "shift_probability": 0.21790927276341804, "hop_grid_probability": 0.6275542046327108, "flip_probability": 0.5493384945357384, "slide_protrusion_probability": 0.6162772652043891, "protrusion_cost_coefficient0": 2.7012577551583976, "protrusion_cost_coefficient1": 0.07262877262922583, "deformation_cost_coefficient": 4.708734120225942, "dislikes_cost_coefficient": 0.0009411353261365155, "prohibit_unfeasible_after_feasible": 0}}, "vertices": [[46, 62], [44, 57], [25, 55], [29, 53], [35, 41], [47, 47], [51, 47], [55, 91], [38, 47], [40, 46], [41, 53], [54, 78], [39, 55], [36, 69], [50, 135], [82, 41], [42, 69], [82, 37], [74, 68], [65, 34], [49, 145], [45, 164], [69, 36], [79, 37], [72, 117], [50, 162], [73, 103], [73, 58], [70, 57], [74, 65], [95, 28], [72, 39], [69, 98], [77, 39], [99, 25], [70, 37], [69, 64], [82, 59], [79, 36], [61, 124], [60, 156], [81, 63], [72, 165], [61, 160], [78, 85], [72, 105], [55, 114], [75, 160], [76, 84], [89, 67], [85, 55], [78, 153], [85, 82], [68, 113], [82, 155], [81, 68], [63, 115], [78, 158], [75, 146], [74, 159], [93, 58], [90, 91], [77, 111], [89, 87], [77, 111], [119, 73], [86, 148], [93, 116], [119, 82], [96, 95], [90, 152], [101, 110], [91, 107], [86, 124], [112, 85], [76, 181], [86, 168], [117, 90], [126, 95], [89, 170], [119, 93], [96, 128], [127, 145], [130, 103], [128, 132], [130, 90], [139, 95], [131, 134], [128, 141], [129, 84], [133, 97], [113, 119], [144, 94], [118, 112], [169, 85], [130, 141], [124, 135], [128, 144], [138, 149], [142, 152], [152, 90], [152, 93], [148, 89], [146, 93], [160, 81], [117, 135], [132, 141], [158, 76], [110, 131], [128, 146], [139, 100], [137, 97], [137, 111]]}