{"bonuses":[],"meta":{"created_at":"2021/07/12 11:38:42","elapsed_s":314.543949,"git_commit":"2771c8ba8145eaa8035d5e86189de4ae37a4323d","judge":{"dislikes":24811,"fit_in_hole":true,"gained_bonuses":[],"is_valid":true,"satisfy_stretch":true},"parameters":{"T0":1.273363388086403,"T1":0.0014190341999093146,"deformation_cost_coefficient":4.511348050834073,"dislikes_cost_coefficient":0.00013706698635135612,"flip_probability":0.44317019122408047,"hop_grid_probability":0.7207994661939184,"initialize_pose_by_hole":0,"prohibit_unfeasible_after_feasible":0,"protrusion_cost_coefficient0":1.5080034164643614,"protrusion_cost_coefficient1":0.012851932063237195,"shift_max_delta":3,"shift_probability":0.227270806220919,"single_small_change_max_delta":2,"single_small_change_probability":0.5906332482925793,"slide_protrusion_max_delta":1.6658217259396944,"slide_protrusion_probability":0.31563154799413073,"slight_rotate_max_deg":2.1836615468835796,"slight_rotate_probability":0.8088372214202592,"vote_pow":4.757522315192589},"solver":"OptunaAnnealingSolver"},"vertices":[[155,98],[160,96],[178,97],[176,93],[169,93],[168,102],[169,106],[112,106],[167,99],[169,100],[163,94],[124,111],[161,96],[157,91],[94,50],[164,151],[158,85],[160,152],[133,112],[148,141],[98,41],[120,37],[152,141],[155,145],[101,75],[114,36],[105,88],[140,119],[139,122],[146,102],[145,150],[156,138],[111,85],[161,140],[144,155],[158,136],[143,98],[140,110],[163,143],[91,67],[104,33],[144,110],[90,36],[104,29],[121,98],[105,84],[101,61],[95,39],[119,99],[129,119],[126,130],[92,47],[113,107],[101,73],[89,50],[128,110],[98,97],[88,44],[97,52],[91,41],[132,124],[106,114],[92,75],[105,110],[85,104],[90,135],[51,71],[81,87],[82,138],[96,106],[45,73],[83,97],[92,94],[72,83],[87,123],[26,45],[41,53],[81,120],[88,151],[39,56],[89,158],[66,91],[55,86],[93,143],[66,91],[77,131],[81,145],[63,93],[59,86],[71,131],[87,144],[69,92],[76,144],[74,85],[72,149],[65,100],[70,94],[67,103],[66,76],[71,77],[67,144],[68,141],[65,144],[63,148],[64,155],[56,102],[61,85],[61,160],[63,103],[56,80],[54,153],[52,150],[45,160]]}