{"bonuses": [], "meta": {"created_at": "2021/07/12 19:16:11", "elapsed_s": 111.646002, "git_commit": "63357edf0d76917e612009513db2af8ef7bd275f", "judge": {"dislikes": 18446, "fit_in_hole": true, "gained_bonuses": [], "is_valid": true, "satisfy_stretch": true}, "solver": "OptunaAnnealingSolver", "parameters": {"initialize_pose_by_hole": 0, "T0": 1.5571990188812261, "T1": 0.004735254834598959, "single_small_change_max_delta": 2, "shift_max_delta": 2, "slight_rotate_max_deg": 4.187369117407706, "vote_pow": 5.700898072863668, "slide_protrusion_max_delta": 2.301056779639578, "single_small_change_probability": 0.8278732622521452, "slight_rotate_probability": 0.9998944280836132, "shift_probability": 0.8863832568289052, "hop_grid_probability": 0.38284201468281737, "flip_probability": 0.0921830155658065, "slide_protrusion_probability": 0.5499390363332551, "protrusion_cost_coefficient0": 2.867168314282004, "protrusion_cost_coefficient1": 0.019696224786863517, "deformation_cost_coefficient": 1.8990725005657427, "dislikes_cost_coefficient": 0.0003963720795610053, "prohibit_unfeasible_after_feasible": 0}}, "vertices": [[24, 91], [32, 84], [94, 92], [17, 64], [41, 64], [66, 77], [93, 82], [9, 55], [29, 64], [21, 55], [69, 66], [14, 64], [33, 54], [26, 63], [32, 42], [60, 58], [81, 40], [79, 30], [31, 27], [21, 23]]}