{"bonuses": [], "meta": {"created_at": "2021/07/12 20:16:17", "elapsed_s": 129.953924, "git_commit": "63357edf0d76917e612009513db2af8ef7bd275f", "judge": {"dislikes": 18441, "fit_in_hole": true, "gained_bonuses": [], "is_valid": true, "satisfy_stretch": true}, "solver": "OptunaAnnealingSolver", "parameters": {"initialize_pose_by_hole": 0, "T0": 1.783990930110633, "T1": 0.004618964333491729, "single_small_change_max_delta": 2, "shift_max_delta": 2, "slight_rotate_max_deg": 4.090073248102644, "vote_pow": 5.69440079715093, "slide_protrusion_max_delta": 2.33631315969115, "single_small_change_probability": 0.7714542211509998, "slight_rotate_probability": 0.9962876022117115, "shift_probability": 0.3161440047894433, "hop_grid_probability": 0.3829924521865147, "flip_probability": 0.0019072162442479966, "slide_protrusion_probability": 0.2906830501477729, "protrusion_cost_coefficient0": 2.9285368035278947, "protrusion_cost_coefficient1": 0.057603371612422155, "deformation_cost_coefficient": 1.6596622900562126, "dislikes_cost_coefficient": 0.0005262612814429927, "prohibit_unfeasible_after_feasible": 0}}, "vertices": [[33, 28], [23, 24], [79, 30], [25, 48], [34, 43], [62, 59], [81, 40], [14, 50], [33, 55], [22, 58], [71, 67], [11, 59], [30, 65], [19, 68], [42, 65], [68, 78], [92, 87], [93, 97], [25, 92], [33, 85]]}