{"bonuses": [], "meta": {"created_at": "2021/07/12 14:35:19", "elapsed_s": 143.597949, "git_commit": "2771c8ba8145eaa8035d5e86189de4ae37a4323d", "judge": {"dislikes": 19095, "fit_in_hole": true, "gained_bonuses": [], "is_valid": true, "satisfy_stretch": true}, "solver": "OptunaAnnealingSolver", "parameters": {"initialize_pose_by_hole": 0, "T0": 1.2475239203453667, "T1": 0.006497020981003074, "single_small_change_max_delta": 2, "shift_max_delta": 2, "slight_rotate_max_deg": 3.7383741390419485, "vote_pow": 2.473310747101239, "slide_protrusion_max_delta": 2.113721795751094, "single_small_change_probability": 0.9202286299476238, "slight_rotate_probability": 0.9444786704310254, "shift_probability": 0.8241863037122182, "hop_grid_probability": 0.5029684559791967, "flip_probability": 0.10283427052936071, "slide_protrusion_probability": 0.5318135527064669, "protrusion_cost_coefficient0": 2.350875562397512, "protrusion_cost_coefficient1": 0.020431944737848973, "deformation_cost_coefficient": 2.4678962859829174, "dislikes_cost_coefficient": 0.00014347296374604766, "prohibit_unfeasible_after_feasible": 0}}, "vertices": [[25, 84], [35, 83], [93, 91], [22, 59], [42, 63], [66, 77], [93, 81], [13, 51], [33, 58], [25, 50], [69, 66], [20, 59], [36, 48], [31, 57], [36, 37], [60, 58], [81, 40], [79, 30], [29, 22], [19, 23]]}