{"bonuses":[],"meta":{"created_at":"2021/07/12 08:19:20","elapsed_s":155.353963,"git_commit":"2771c8ba8145eaa8035d5e86189de4ae37a4323d","judge":{"dislikes":19291,"fit_in_hole":true,"gained_bonuses":[],"is_valid":true,"satisfy_stretch":true},"parameters":{"T0":3.850063878713869,"T1":0.0029318360493631266,"deformation_cost_coefficient":7.886852952553429,"dislikes_cost_coefficient":0.0010486351991964302,"flip_probability":0.2582944876965564,"hop_grid_probability":0.22151750692185773,"initialize_pose_by_hole":0,"prohibit_unfeasible_after_feasible":0,"protrusion_cost_coefficient0":8.682288725749304,"protrusion_cost_coefficient1":0.015796751527442886,"shift_max_delta":2,"shift_probability":0.9091522866284129,"single_small_change_max_delta":2,"single_small_change_probability":0.881455914074009,"slide_protrusion_max_delta":1.730864096113056,"slide_protrusion_probability":0.5945405642147956,"slight_rotate_max_deg":4.107103259453966,"slight_rotate_probability":0.9902311925527737,"vote_pow":2.3340319312263587},"solver":"OptunaAnnealingSolver"},"vertices":[[25,22],[29,32],[89,93],[21,48],[45,47],[61,75],[92,83],[13,57],[33,48],[25,57],[69,66],[18,48],[37,58],[30,49],[38,70],[63,56],[81,40],[79,30],[37,85],[27,89]]}