{"bonuses": [], "meta": {"created_at": "2021/07/12 07:50:06", "elapsed_s": 140.473093, "git_commit": "2771c8ba8145eaa8035d5e86189de4ae37a4323d", "judge": {"dislikes": 2217, "fit_in_hole": true, "gained_bonuses": [], "is_valid": true, "satisfy_stretch": true}, "solver": "OptunaAnnealingSolver", "parameters": {"initialize_pose_by_hole": 1, "T0": 20.153123200226762, "T1": 0.030425504741267404, "single_small_change_max_delta": 2, "shift_max_delta": 2, "slight_rotate_max_deg": 1.9968417403851755, "vote_pow": 4.710799226179531, "slide_protrusion_max_delta": 1.474709211660158, "single_small_change_probability": 0.15720927736913715, "slight_rotate_probability": 0.9995847476805165, "shift_probability": 0.37431351132530616, "hop_grid_probability": 0.7642749507555431, "flip_probability": 0.14225908725334752, "slide_protrusion_probability": 0.34113414551560345, "protrusion_cost_coefficient0": 0.3201046794162201, "protrusion_cost_coefficient1": 0.004313875132566587, "deformation_cost_coefficient": 7.783169391272965, "dislikes_cost_coefficient": 0.005126568742182628, "prohibit_unfeasible_after_feasible": 0}}, "vertices": [[41, 37], [18, 39], [16, 39], [22, 36], [29, 32], [44, 4], [11, 30], [29, 30], [3, 48], [12, 40], [34, 31], [42, 11], [24, 27], [33, 27], [17, 16], [46, 22], [46, 24], [24, 38], [45, 28], [36, 41], [47, 48], [58, 33], [30, 47], [34, 38], [34, 40], [21, 49], [28, 52], [26, 55], [30, 44], [42, 48], [33, 55], [38, 45], [30, 65], [37, 58], [31, 46], [18, 70], [13, 74], [44, 72], [14, 65], [31, 33], [38, 34], [33, 28], [54, 77]]}