{"bonuses": [], "meta": {"created_at": "2021/07/12 14:40:39", "elapsed_s": 119.036006, "git_commit": "2771c8ba8145eaa8035d5e86189de4ae37a4323d", "judge": {"dislikes": 1755, "fit_in_hole": true, "gained_bonuses": [], "is_valid": true, "satisfy_stretch": true}, "solver": "OptunaAnnealingSolver", "parameters": {"initialize_pose_by_hole": 0, "T0": 10.330399753023006, "T1": 0.04167185631202128, "single_small_change_max_delta": 2, "shift_max_delta": 2, "slight_rotate_max_deg": 1.6342275871134244, "vote_pow": 4.925608828235106, "slide_protrusion_max_delta": 2.0908314785470004, "single_small_change_probability": 0.21817905814224858, "slight_rotate_probability": 0.7984935995208395, "shift_probability": 0.4112762454256135, "hop_grid_probability": 0.814786113715415, "flip_probability": 0.029768188739071458, "slide_protrusion_probability": 0.2693309356998996, "protrusion_cost_coefficient0": 0.18989013298212115, "protrusion_cost_coefficient1": 0.07510704786840691, "deformation_cost_coefficient": 3.4136522641880487, "dislikes_cost_coefficient": 0.0081076793991054, "prohibit_unfeasible_after_feasible": 0}}, "vertices": [[15, 43], [23, 33], [21, 33], [27, 36], [5, 36], [18, 15], [40, 38], [5, 34], [9, 50], [20, 44], [3, 29], [19, 22], [34, 55], [32, 70], [42, 52], [23, 33], [24, 35], [25, 66], [25, 39], [39, 65], [9, 79], [38, 42], [15, 63], [27, 20], [29, 20], [20, 55], [34, 33], [37, 35], [40, 55], [29, 60], [30, 37], [32, 56], [41, 43], [46, 28], [39, 58], [22, 33], [24, 27], [61, 32], [22, 39], [47, 69], [52, 74], [44, 75], [44, 2]]}