{"bonuses":[],"meta":{"created_at":"2021/07/12 10:40:29","elapsed_s":247.392015,"git_commit":"2771c8ba8145eaa8035d5e86189de4ae37a4323d","judge":{"dislikes":18271,"fit_in_hole":true,"gained_bonuses":[],"is_valid":true,"satisfy_stretch":true},"parameters":{"T0":4.5063796650539985,"T1":0.0015492757695451567,"deformation_cost_coefficient":38.99963203826532,"dislikes_cost_coefficient":0.0008182654622786322,"flip_probability":0.020592056002910277,"hop_grid_probability":0.5553764231990589,"initialize_pose_by_hole":0,"prohibit_unfeasible_after_feasible":0,"protrusion_cost_coefficient0":0.2415182464957465,"protrusion_cost_coefficient1":0.07321149991926726,"shift_max_delta":3,"shift_probability":0.4383437688885973,"single_small_change_max_delta":2,"single_small_change_probability":0.8502191250277347,"slide_protrusion_max_delta":2.555626763954386,"slide_protrusion_probability":0.5912161243465399,"slight_rotate_max_deg":4.748097301526387,"slight_rotate_probability":0.6741882093158675,"vote_pow":3.6361215701912704},"solver":"OptunaAnnealingSolver"},"vertices":[[90,49],[88,52],[86,49],[91,77],[87,68],[87,24],[86,20],[79,49],[83,26],[95,68],[55,82],[74,51],[74,39],[55,59],[47,84],[54,73],[72,32],[73,28],[59,51],[47,75],[69,30],[69,25],[54,60],[48,65],[42,71],[56,25],[60,29],[57,28],[54,29],[28,83],[46,45],[34,76],[51,35],[56,22],[56,17],[41,41],[20,79],[45,44],[25,72],[19,39],[38,39],[35,35],[34,39],[23,35],[20,29]]}