{"bonuses":[],"meta":{"created_at":"2021/07/12 02:33:05","elapsed_s":163.483872,"git_commit":"2771c8ba8145eaa8035d5e86189de4ae37a4323d","judge":{"dislikes":19715,"fit_in_hole":true,"gained_bonuses":[],"is_valid":true,"satisfy_stretch":true},"parameters":{"T0":3.027352554783487,"T1":0.006694441344389511,"deformation_cost_coefficient":17.63999081833514,"dislikes_cost_coefficient":0.0005217614414147209,"flip_probability":0.5859544553496036,"hop_grid_probability":0.24140354421089627,"initialize_pose_by_hole":0,"prohibit_unfeasible_after_feasible":0,"protrusion_cost_coefficient0":0.6978227333402658,"protrusion_cost_coefficient1":0.001699918720915858,"shift_max_delta":3,"shift_probability":0.3071407151121933,"single_small_change_max_delta":2,"single_small_change_probability":0.11230852031477163,"slide_protrusion_max_delta":2.743008847594609,"slide_protrusion_probability":0.09783645547093131,"slight_rotate_max_deg":2.786908027103882,"slight_rotate_probability":0.3223970274533465,"vote_pow":3.959994195720983},"solver":"OptunaAnnealingSolver"},"vertices":[[90,51],[93,53],[90,55],[99,78],[98,69],[89,29],[92,26],[79,50],[85,31],[106,71],[67,72],[74,49],[84,40],[52,58],[66,81],[59,70],[79,34],[76,37],[59,51],[58,77],[77,37],[77,32],[51,56],[49,64],[41,65],[65,35],[59,36],[62,36],[65,36],[30,77],[44,44],[31,68],[54,39],[63,29],[61,24],[49,40],[39,80],[44,41],[40,72],[22,37],[36,44],[32,47],[32,43],[26,33],[23,27]]}