{"bonuses":[],"meta":{"created_at":"2021/07/12 04:53:12","elapsed_s":201.974609,"git_commit":"2771c8ba8145eaa8035d5e86189de4ae37a4323d","judge":{"dislikes":22452,"fit_in_hole":true,"gained_bonuses":[],"is_valid":true,"satisfy_stretch":true},"parameters":{"T0":6.690810845322356,"T1":0.003032335068109576,"deformation_cost_coefficient":2.689877000752161,"dislikes_cost_coefficient":0.0003113282924653505,"flip_probability":0.18332861802805497,"hop_grid_probability":0.633495722731172,"initialize_pose_by_hole":0,"prohibit_unfeasible_after_feasible":0,"protrusion_cost_coefficient0":0.2821474506618143,"protrusion_cost_coefficient1":0.06919374983148457,"shift_max_delta":2,"shift_probability":0.046336081534250145,"single_small_change_max_delta":1,"single_small_change_probability":0.5669583505760993,"slide_protrusion_max_delta":1.6514550044048846,"slide_protrusion_probability":0.548825306605857,"slight_rotate_max_deg":4.743266344191848,"slight_rotate_probability":0.8294335848627298,"vote_pow":4.462261345734408},"solver":"OptunaAnnealingSolver"},"vertices":[[150,120],[149,94],[232,107],[153,127],[173,132],[172,109],[202,102],[200,102],[126,113],[145,97],[142,111],[211,73],[118,107],[152,83],[171,93],[150,125],[221,44],[157,135],[182,68],[163,48],[124,84],[112,136],[133,147],[207,20],[131,114],[181,39],[115,129],[130,53],[153,39],[152,36],[111,98],[87,82],[109,69],[178,27],[130,28],[84,117],[109,46],[63,69],[84,56],[92,85],[62,39],[31,76],[35,32],[60,70],[7,96],[62,19],[79,49],[42,94]]}