{"bonuses":[],"meta":{"created_at":"2021/07/12 12:53:28","elapsed_s":227.76840099999998,"git_commit":"2771c8ba8145eaa8035d5e86189de4ae37a4323d","judge":{"dislikes":20522,"fit_in_hole":true,"gained_bonuses":[],"is_valid":true,"satisfy_stretch":true},"parameters":{"T0":1.4461992131963692,"T1":0.0012723304838540303,"deformation_cost_coefficient":1.794972919757971,"dislikes_cost_coefficient":0.00047508642221344205,"flip_probability":0.13674730677813146,"hop_grid_probability":0.4549462617330478,"initialize_pose_by_hole":0,"prohibit_unfeasible_after_feasible":0,"protrusion_cost_coefficient0":0.10024985314571377,"protrusion_cost_coefficient1":0.057647510983899704,"shift_max_delta":2,"shift_probability":0.5439519637541341,"single_small_change_max_delta":1,"single_small_change_probability":0.48384298265843667,"slide_protrusion_max_delta":1.7025345876903992,"slide_protrusion_probability":0.5055008562531189,"slight_rotate_max_deg":4.592250358123872,"slight_rotate_probability":0.8053385118804565,"vote_pow":4.5867447409582205},"solver":"OptunaAnnealingSolver"},"vertices":[[182,78],[192,102],[169,124],[225,96],[186,104],[165,95],[189,148],[140,111],[199,78],[175,67],[184,85],[163,130],[175,39],[160,66],[159,88],[199,52],[148,157],[163,106],[142,110],[115,101],[139,47],[195,16],[215,29],[121,148],[148,76],[114,117],[155,35],[136,78],[95,139],[110,88],[132,56],[88,86],[109,72],[91,110],[94,70],[123,25],[104,94],[72,64],[84,60],[113,57],[77,34],[43,80],[53,20],[68,64],[16,96],[26,31],[61,37],[51,90]]}