{"bonuses":[],"meta":{"created_at":"2021/07/12 08:44:48","elapsed_s":199.425471,"git_commit":"2771c8ba8145eaa8035d5e86189de4ae37a4323d","judge":{"dislikes":27267,"fit_in_hole":true,"gained_bonuses":[],"is_valid":true,"satisfy_stretch":true},"parameters":{"T0":1.4963166321419468,"T1":0.009032369091480594,"deformation_cost_coefficient":25.721738971512973,"dislikes_cost_coefficient":0.00015716487343884637,"flip_probability":0.15930376830947296,"hop_grid_probability":0.9162874017430693,"initialize_pose_by_hole":0,"prohibit_unfeasible_after_feasible":0,"protrusion_cost_coefficient0":0.12372693447470699,"protrusion_cost_coefficient1":0.0338905271839075,"shift_max_delta":3,"shift_probability":0.23161967422828117,"single_small_change_max_delta":2,"single_small_change_probability":0.3495647018740887,"slide_protrusion_max_delta":2.434992225318638,"slide_protrusion_probability":0.8054022610459601,"slight_rotate_max_deg":1.8689833016206694,"slight_rotate_probability":0.26116762610216543,"vote_pow":2.366259610704063},"solver":"OptunaAnnealingSolver"},"vertices":[[18,163],[59,67],[51,155],[49,90],[48,122],[44,41],[53,154],[56,154],[61,55],[68,185],[74,77],[79,132],[89,103],[196,92],[103,182],[167,82],[112,41],[109,151],[109,76],[144,129],[118,120],[198,56],[161,101],[138,61],[142,27],[137,93],[141,159],[140,95],[169,78],[152,132],[162,78],[158,124],[166,105],[169,48],[171,87],[169,81],[168,144],[203,79],[159,104],[172,130],[193,146],[178,128],[178,157]]}