{"bonuses":[],"meta":{"created_at":"2021/07/12 13:07:29","elapsed_s":211.636574,"git_commit":"2771c8ba8145eaa8035d5e86189de4ae37a4323d","judge":{"dislikes":24773,"fit_in_hole":true,"gained_bonuses":[],"is_valid":true,"satisfy_stretch":true},"parameters":{"T0":1.2744056031738777,"T1":0.008145158400119052,"deformation_cost_coefficient":21.984601284842267,"dislikes_cost_coefficient":0.0006079646934865098,"flip_probability":0.14816918076958538,"hop_grid_probability":0.7969981170524975,"initialize_pose_by_hole":0,"prohibit_unfeasible_after_feasible":0,"protrusion_cost_coefficient0":0.5242836712382279,"protrusion_cost_coefficient1":0.08277363982603943,"shift_max_delta":3,"shift_probability":0.3386255736692277,"single_small_change_max_delta":2,"single_small_change_probability":0.3251171962492637,"slide_protrusion_max_delta":2.4522381827810524,"slide_protrusion_probability":0.22199516319172,"slight_rotate_max_deg":1.2383282816603303,"slight_rotate_probability":0.2214956166312961,"vote_pow":2.363787580329332},"solver":"OptunaAnnealingSolver"},"vertices":[[17,163],[59,62],[50,152],[55,87],[45,117],[42,38],[52,151],[70,94],[61,50],[64,183],[78,70],[76,125],[92,98],[168,67],[99,179],[138,59],[115,39],[103,146],[110,72],[156,139],[117,118],[202,81],[158,106],[142,60],[146,26],[136,92],[140,165],[141,95],[166,73],[149,138],[163,83],[154,130],[162,110],[174,45],[161,68],[149,23],[176,127],[186,46],[181,102],[177,131],[201,119],[192,129],[187,157]]}