{"bonuses":[],"meta":{"created_at":"2021/07/12 19:55:37","elapsed_s":194.74175,"git_commit":"63357edf0d76917e612009513db2af8ef7bd275f","judge":{"dislikes":13367,"fit_in_hole":true,"gained_bonuses":[],"is_valid":true,"satisfy_stretch":true},"parameters":{"T0":2.4297951294341615,"T1":0.05055732998945845,"deformation_cost_coefficient":4.0355067443595996,"dislikes_cost_coefficient":0.0014665138641712628,"flip_probability":0.14651422981913836,"hop_grid_probability":0.17657645153332896,"initialize_pose_by_hole":1,"prohibit_unfeasible_after_feasible":0,"protrusion_cost_coefficient0":5.661485685148543,"protrusion_cost_coefficient1":0.02985434543977259,"shift_max_delta":3,"shift_probability":0.0717895656154439,"single_small_change_max_delta":1,"single_small_change_probability":0.3496842122185935,"slide_protrusion_max_delta":2.058586065818456,"slide_protrusion_probability":0.17317892242630636,"slight_rotate_max_deg":3.2160732356617325,"slight_rotate_probability":0.8889046121970561,"vote_pow":8.355118060529545},"solver":"OptunaAnnealingSolver"},"vertices":[[14,46],[26,56],[65,32],[16,39],[33,56],[79,22],[10,25],[46,48],[50,45],[69,22],[64,23],[95,12],[63,26],[63,16],[115,78],[103,69],[94,74],[58,25],[59,19],[93,30],[52,29],[55,25],[80,41],[90,62],[44,35],[43,30],[106,59],[79,62],[74,63],[51,34],[46,24],[74,25],[51,29],[43,28],[73,97],[52,36],[48,33],[68,41],[54,77],[55,72],[50,46],[29,90],[49,64]]}