{"bonuses": [], "meta": {"created_at": "2021/07/12 06:35:46", "elapsed_s": 189.54178399999998, "git_commit": "2771c8ba8145eaa8035d5e86189de4ae37a4323d", "judge": {"dislikes": 16775, "fit_in_hole": true, "gained_bonuses": [], "is_valid": true, "satisfy_stretch": true}, "solver": "OptunaAnnealingSolver", "parameters": {"initialize_pose_by_hole": 1, "T0": 2.100122731569299, "T1": 0.010964647051006521, "single_small_change_max_delta": 1, "shift_max_delta": 3, "slight_rotate_max_deg": 2.6100950394023976, "vote_pow": 4.109090349441703, "slide_protrusion_max_delta": 2.3233472475865, "single_small_change_probability": 0.45491050481123907, "slight_rotate_probability": 0.854183728788061, "shift_probability": 0.7910223328394527, "hop_grid_probability": 0.38659340372307044, "flip_probability": 0.4749646113594401, "slide_protrusion_probability": 0.4281374090655597, "protrusion_cost_coefficient0": 6.145395178466073, "protrusion_cost_coefficient1": 0.02545549051719336, "deformation_cost_coefficient": 6.421434313197168, "dislikes_cost_coefficient": 0.0008140727349807566, "prohibit_unfeasible_after_feasible": 0}}, "vertices": [[36, 94], [50, 87], [96, 74], [29, 92], [56, 83], [78, 72], [15, 86], [70, 76], [75, 75], [79, 82], [74, 81], [61, 77], [84, 77], [76, 88], [92, 21], [78, 28], [68, 27], [84, 72], [75, 83], [49, 63], [77, 73], [73, 76], [46, 45], [70, 40], [68, 68], [73, 69], [86, 41], [60, 46], [57, 50], [75, 67], [72, 62], [30, 54], [71, 64], [76, 59], [60, 4], [66, 59], [70, 56], [44, 43], [49, 27], [52, 31], [61, 51], [22, 21], [47, 40]]}