{"bonuses":[],"meta":{"created_at":"2021/07/12 07:37:28","elapsed_s":325.09288,"git_commit":"2771c8ba8145eaa8035d5e86189de4ae37a4323d","judge":{"dislikes":60944,"fit_in_hole":true,"gained_bonuses":[],"is_valid":true,"satisfy_stretch":true},"parameters":{"T0":2.1137479879610153,"T1":0.01220341854048119,"deformation_cost_coefficient":61.30484426857311,"dislikes_cost_coefficient":0.0004888248211529135,"flip_probability":0.7135487946354977,"hop_grid_probability":0.639344644518024,"initialize_pose_by_hole":0,"prohibit_unfeasible_after_feasible":0,"protrusion_cost_coefficient0":1.7851386878828777,"protrusion_cost_coefficient1":0.07848572438220626,"shift_max_delta":2,"shift_probability":0.9567306342551356,"single_small_change_max_delta":1,"single_small_change_probability":0.6833911814583289,"slide_protrusion_max_delta":1.657962790069572,"slide_protrusion_probability":0.7932285876345097,"slight_rotate_max_deg":3.0760025636028425,"slight_rotate_probability":0.8875236115763442,"vote_pow":4.194941911881828},"solver":"OptunaAnnealingSolver"},"vertices":[[97,34],[75,34],[56,53],[87,48],[60,49],[120,86],[132,86],[90,96],[84,72],[43,67],[74,65],[121,89],[96,93],[111,100],[59,85],[93,81],[69,80],[126,107],[92,86],[93,76],[43,82],[75,85],[55,86],[60,90],[84,71],[117,112],[64,95],[51,91],[127,120],[56,93],[60,94],[72,98],[76,97],[67,99],[35,98],[109,99],[62,103],[68,104],[57,105],[120,133],[76,107],[52,109],[75,101],[59,112],[74,113],[89,117],[66,114],[54,102],[69,129],[107,115],[83,123],[115,148],[76,124],[73,130],[126,131],[112,123],[53,146],[64,123],[67,141],[120,131],[130,143],[87,130],[96,139],[57,151],[45,167]]}