{"bonuses": [], "meta": {"created_at": "2021/07/12 19:55:10", "elapsed_s": 256.38532699999996, "git_commit": "63357edf0d76917e612009513db2af8ef7bd275f", "judge": {"dislikes": 55388, "fit_in_hole": true, "gained_bonuses": [], "is_valid": true, "satisfy_stretch": true}, "solver": "OptunaAnnealingSolver", "parameters": {"initialize_pose_by_hole": 0, "T0": 3.082913590031684, "T1": 0.006478532653965934, "single_small_change_max_delta": 1, "shift_max_delta": 2, "slight_rotate_max_deg": 2.3789864591166383, "vote_pow": 5.126466098625102, "slide_protrusion_max_delta": 1.4616730652484373, "single_small_change_probability": 0.9211621691236573, "slight_rotate_probability": 0.8917774426403317, "shift_probability": 0.33608097111882795, "hop_grid_probability": 0.7016065507667428, "flip_probability": 0.2558938939308367, "slide_protrusion_probability": 0.7757075068112397, "protrusion_cost_coefficient0": 0.8883590312820298, "protrusion_cost_coefficient1": 0.021170735777494683, "deformation_cost_coefficient": 55.50088181651112, "dislikes_cost_coefficient": 0.00020327539313709208, "prohibit_unfeasible_after_feasible": 0}}, "vertices": [[50, 154], [64, 137], [49, 114], [61, 141], [80, 122], [118, 144], [130, 148], [86, 158], [71, 136], [30, 117], [55, 121], [121, 141], [98, 119], [112, 129], [61, 111], [71, 161], [70, 118], [142, 130], [85, 130], [80, 138], [45, 118], [77, 115], [51, 104], [66, 100], [78, 148], [121, 119], [66, 106], [54, 110], [134, 119], [58, 106], [62, 107], [74, 104], [78, 103], [69, 102], [47, 101], [114, 105], [64, 98], [67, 105], [59, 96], [131, 106], [79, 93], [57, 90], [68, 97], [64, 90], [78, 87], [96, 90], [70, 85], [53, 84], [56, 78], [114, 89], [99, 82], [143, 96], [87, 79], [106, 71], [124, 97], [108, 96], [41, 60], [50, 61], [44, 45], [118, 99], [131, 107], [93, 66], [104, 61], [51, 32], [32, 39]]}