{"bonuses":[],"meta":{"created_at":"2021/07/12 09:21:56","elapsed_s":266.599747,"git_commit":"2771c8ba8145eaa8035d5e86189de4ae37a4323d","judge":{"dislikes":8683,"fit_in_hole":true,"gained_bonuses":[],"is_valid":true,"satisfy_stretch":true},"parameters":{"T0":1.8041625924561373,"T1":0.0018634813589529936,"deformation_cost_coefficient":9.549637043473956,"dislikes_cost_coefficient":0.0005676789290436753,"flip_probability":0.045716603492782115,"hop_grid_probability":0.039636962958407004,"initialize_pose_by_hole":0,"prohibit_unfeasible_after_feasible":0,"protrusion_cost_coefficient0":2.1646801479513225,"protrusion_cost_coefficient1":0.08268850293671888,"shift_max_delta":2,"shift_probability":0.47645310634146015,"single_small_change_max_delta":1,"single_small_change_probability":0.999989509888082,"slide_protrusion_max_delta":1.8382727991033805,"slide_protrusion_probability":0.4688185256760412,"slight_rotate_max_deg":3.583378952558677,"slight_rotate_probability":0.14238452902289012,"vote_pow":4.490409317922563},"solver":"OptunaAnnealingSolver"},"vertices":[[30,109],[13,79],[41,134],[35,160],[36,81],[63,5],[35,109],[33,10],[55,35],[38,129],[29,49],[61,116],[53,33],[25,100],[53,60],[56,84],[72,52],[51,61],[77,45],[79,58],[57,81],[90,84],[70,85],[96,78],[100,42],[110,108],[131,128],[110,106],[112,138],[109,15],[122,60],[130,73],[110,87],[87,65],[130,33],[125,134],[136,90],[138,97],[142,110],[155,50],[125,168],[155,72],[130,100],[134,122],[105,36],[118,70],[153,111],[157,70],[115,107],[171,90],[205,47],[196,104],[222,66],[111,118],[130,126],[182,121],[227,26],[198,76],[214,51],[212,102],[241,59],[236,86]]}