{"bonuses": [], "meta": {"created_at": "2021/07/12 14:57:42", "elapsed_s": 231.83083599999998, "git_commit": "2771c8ba8145eaa8035d5e86189de4ae37a4323d", "judge": {"dislikes": 6759, "fit_in_hole": true, "gained_bonuses": [], "is_valid": true, "satisfy_stretch": true}, "solver": "OptunaAnnealingSolver", "parameters": {"initialize_pose_by_hole": 0, "T0": 2.074345782452597, "T1": 0.0026331465740854487, "single_small_change_max_delta": 1, "shift_max_delta": 2, "slight_rotate_max_deg": 3.2224082333885207, "vote_pow": 4.677225787337107, "slide_protrusion_max_delta": 1.6098686551921837, "single_small_change_probability": 0.9058292228582745, "slight_rotate_probability": 0.4618323464831656, "shift_probability": 0.2604461873906563, "hop_grid_probability": 0.5108160533327976, "flip_probability": 0.2774923585148551, "slide_protrusion_probability": 0.2585061926276646, "protrusion_cost_coefficient0": 1.366770509817728, "protrusion_cost_coefficient1": 0.08461141315428404, "deformation_cost_coefficient": 13.056329369491113, "dislikes_cost_coefficient": 0.0011544686160364595, "prohibit_unfeasible_after_feasible": 0}}, "vertices": [[48, 166], [30, 137], [42, 139], [20, 154], [53, 143], [48, 32], [54, 116], [32, 6], [68, 9], [36, 127], [82, 44], [31, 101], [62, 7], [21, 62], [59, 33], [57, 84], [66, 50], [67, 64], [84, 23], [84, 42], [57, 77], [90, 84], [57, 35], [99, 63], [106, 29], [100, 114], [136, 113], [121, 85], [113, 141], [127, 9], [127, 49], [196, 94], [172, 91], [117, 84], [148, 29], [114, 141], [147, 101], [109, 129], [104, 113], [131, 67], [121, 174], [152, 74], [178, 114], [115, 104], [151, 74], [122, 53], [172, 89], [147, 80], [133, 120], [170, 90], [208, 49], [196, 104], [222, 71], [136, 112], [156, 113], [196, 71], [230, 28], [197, 76], [217, 54], [220, 95], [245, 58], [247, 85]]}