{"bonuses": [], "meta": {"created_at": "2021/07/12 19:03:25", "elapsed_s": 168.35206499999998, "git_commit": "", "judge": {"dislikes": 34212, "fit_in_hole": true, "gained_bonuses": [], "is_valid": true, "satisfy_stretch": true}, "solver": "OptunaAnnealingSolver", "parameters": {"initialize_pose_by_hole": 0, "T0": 2.039861946398124, "T1": 0.0042763144964544225, "single_small_change_max_delta": 2, "shift_max_delta": 2, "slight_rotate_max_deg": 3.3637793029922394, "vote_pow": 5.150012758348146, "slide_protrusion_max_delta": 1.634446991724487, "single_small_change_probability": 0.28311004121272804, "slight_rotate_probability": 0.481307518669243, "shift_probability": 0.266599554078952, "hop_grid_probability": 0.6680478476788775, "flip_probability": 0.9140796299652861, "slide_protrusion_probability": 0.673588984173551, "protrusion_cost_coefficient0": 0.937358926496536, "protrusion_cost_coefficient1": 0.08383520472474243, "deformation_cost_coefficient": 91.65277009458627, "dislikes_cost_coefficient": 0.0004448442155093664, "prohibit_unfeasible_after_feasible": 0}}, "vertices": [[56, 43], [47, 29], [67, 46], [55, 52], [48, 56], [42, 60], [21, 74], [86, 65], [31, 68], [89, 57], [81, 51], [59, 62], [59, 74], [61, 50], [59, 82], [36, 92], [111, 56], [66, 77], [146, 60], [159, 68], [153, 61], [73, 74], [135, 39], [139, 49], [138, 55], [120, 66], [75, 80], [59, 95], [80, 53], [146, 52], [161, 49], [142, 26], [148, 35], [155, 53], [134, 71], [82, 94], [92, 95], [83, 107], [119, 91], [89, 110], [69, 122], [115, 117], [89, 119], [94, 123], [98, 109], [78, 134], [117, 107], [125, 113], [97, 124], [137, 115], [80, 152], [108, 135], [122, 122], [111, 153], [118, 159]]}