{"bonuses":[],"meta":{"created_at":"2021/07/12 08:06:36","elapsed_s":240.433889,"git_commit":"2771c8ba8145eaa8035d5e86189de4ae37a4323d","judge":{"dislikes":36358,"fit_in_hole":true,"gained_bonuses":[],"is_valid":true,"satisfy_stretch":true},"parameters":{"T0":3.254996759837476,"T1":0.009081181779264477,"deformation_cost_coefficient":92.870197653103,"dislikes_cost_coefficient":0.0010575450938613638,"flip_probability":0.9498463784406158,"hop_grid_probability":0.7321678613087006,"initialize_pose_by_hole":0,"prohibit_unfeasible_after_feasible":0,"protrusion_cost_coefficient0":1.4429672971631522,"protrusion_cost_coefficient1":0.06635325005027858,"shift_max_delta":2,"shift_probability":0.5006754257370459,"single_small_change_max_delta":2,"single_small_change_probability":0.2573958985091856,"slide_protrusion_max_delta":1.2134909956320241,"slide_protrusion_probability":0.5213334012277865,"slight_rotate_max_deg":3.7362960093496365,"slight_rotate_probability":0.40238143815346367,"vote_pow":4.243935133957564},"solver":"OptunaAnnealingSolver"},"vertices":[[54,40],[57,27],[78,45],[66,54],[58,55],[53,61],[29,69],[97,69],[53,75],[97,60],[89,54],[66,67],[56,73],[69,50],[59,79],[37,93],[122,69],[68,78],[152,55],[161,68],[156,60],[74,80],[154,34],[146,43],[145,49],[126,58],[78,85],[60,93],[94,76],[153,52],[166,49],[146,21],[139,29],[159,47],[111,58],[81,99],[90,97],[82,111],[111,84],[88,112],[64,122],[123,96],[92,120],[98,115],[108,102],[78,128],[120,99],[128,105],[101,118],[138,112],[80,147],[108,131],[123,122],[110,149],[118,154]]}