{"bonuses": [], "meta": {"created_at": "2021/07/12 20:41:13", "elapsed_s": 217.511312, "git_commit": "63357edf0d76917e612009513db2af8ef7bd275f", "judge": {"dislikes": 33265, "fit_in_hole": true, "gained_bonuses": [], "is_valid": true, "satisfy_stretch": true}, "solver": "OptunaAnnealingSolver", "parameters": {"initialize_pose_by_hole": 0, "T0": 1.6817564750812093, "T1": 0.003949346781075886, "single_small_change_max_delta": 2, "shift_max_delta": 2, "slight_rotate_max_deg": 3.1958138694231666, "vote_pow": 6.881763602798026, "slide_protrusion_max_delta": 1.706448187488756, "single_small_change_probability": 0.7565362554666004, "slight_rotate_probability": 0.5443578177400863, "shift_probability": 0.2311908099505657, "hop_grid_probability": 0.6203800704395722, "flip_probability": 0.864796510216652, "slide_protrusion_probability": 0.6512130234071062, "protrusion_cost_coefficient0": 0.49840780256107775, "protrusion_cost_coefficient1": 0.07704634197608569, "deformation_cost_coefficient": 19.821090308929964, "dislikes_cost_coefficient": 0.00042458440170227955, "prohibit_unfeasible_after_feasible": 0}}, "vertices": [[56, 43], [47, 29], [71, 43], [52, 65], [50, 58], [45, 64], [22, 75], [89, 53], [32, 70], [88, 62], [81, 55], [61, 73], [68, 84], [63, 56], [61, 83], [39, 93], [101, 49], [71, 83], [135, 41], [142, 26], [138, 35], [76, 88], [149, 59], [140, 54], [135, 50], [111, 57], [81, 92], [62, 97], [79, 67], [142, 45], [157, 38], [161, 68], [153, 62], [150, 41], [105, 72], [80, 108], [90, 107], [75, 118], [82, 86], [82, 118], [58, 130], [122, 100], [90, 119], [96, 116], [105, 105], [72, 124], [120, 103], [128, 109], [98, 117], [136, 118], [77, 142], [101, 133], [117, 123], [107, 150], [112, 158]]}