{"bonuses": [], "meta": {"created_at": "2021/07/12 14:35:24", "elapsed_s": 238.09711099999998, "git_commit": "", "judge": {"dislikes": 34304, "fit_in_hole": true, "gained_bonuses": [], "is_valid": true, "satisfy_stretch": true}, "solver": "OptunaAnnealingSolver", "parameters": {"initialize_pose_by_hole": 0, "T0": 1.7051246371724398, "T1": 0.004278469553268834, "single_small_change_max_delta": 2, "shift_max_delta": 2, "slight_rotate_max_deg": 3.0134190549069078, "vote_pow": 4.871684605152328, "slide_protrusion_max_delta": 1.6484211427125302, "single_small_change_probability": 0.3011333543326785, "slight_rotate_probability": 0.6420730367331678, "shift_probability": 0.28829147976288544, "hop_grid_probability": 0.6719556433688216, "flip_probability": 0.9225863031884157, "slide_protrusion_probability": 0.6796970803868679, "protrusion_cost_coefficient0": 0.3293775793613088, "protrusion_cost_coefficient1": 0.07711653040636793, "deformation_cost_coefficient": 91.15845352995628, "dislikes_cost_coefficient": 0.00047610520609183527, "prohibit_unfeasible_after_feasible": 0}}, "vertices": [[40, 28], [51, 16], [72, 34], [61, 37], [54, 36], [57, 43], [58, 67], [83, 47], [48, 52], [88, 54], [82, 46], [54, 47], [55, 59], [64, 44], [59, 64], [33, 70], [120, 87], [68, 67], [144, 55], [159, 50], [149, 50], [75, 67], [135, 41], [137, 53], [136, 59], [119, 73], [75, 74], [55, 77], [92, 79], [144, 62], [159, 69], [142, 26], [141, 37], [152, 65], [111, 62], [74, 88], [66, 94], [80, 99], [89, 79], [82, 105], [64, 111], [120, 130], [83, 115], [90, 114], [105, 121], [66, 124], [116, 110], [119, 119], [84, 124], [131, 121], [50, 134], [96, 130], [113, 123], [80, 130], [80, 121]]}