{"bonuses": [], "meta": {"created_at": "2021/07/12 20:07:55", "elapsed_s": 262.24490099999997, "git_commit": "63357edf0d76917e612009513db2af8ef7bd275f", "judge": {"dislikes": 6966, "fit_in_hole": true, "gained_bonuses": [], "is_valid": true, "satisfy_stretch": true}, "solver": "OptunaAnnealingSolver", "parameters": {"initialize_pose_by_hole": 0, "T0": 5.050777938339526, "T1": 0.018733428749871828, "single_small_change_max_delta": 3, "shift_max_delta": 3, "slight_rotate_max_deg": 3.077153236176911, "vote_pow": 7.354094375383999, "slide_protrusion_max_delta": 1.7002215826196438, "single_small_change_probability": 0.60861629725391, "slight_rotate_probability": 0.5517783264999032, "shift_probability": 0.36234700921958346, "hop_grid_probability": 0.857480192454914, "flip_probability": 0.8585243730723244, "slide_protrusion_probability": 0.7775098399311291, "protrusion_cost_coefficient0": 0.10060157290810494, "protrusion_cost_coefficient1": 0.029066501029133655, "deformation_cost_coefficient": 37.42925628841697, "dislikes_cost_coefficient": 0.01479659450061224, "prohibit_unfeasible_after_feasible": 0}}, "vertices": [[23, 18], [100, 34], [1, 36], [114, 20], [181, 31], [159, 78], [95, 15], [144, 58], [127, 38], [194, 55], [31, 57], [34, 45], [76, 69], [56, 72], [123, 41], [7, 71], [63, 109], [25, 48], [49, 64], [166, 53], [140, 58], [212, 37], [120, 15], [47, 95], [67, 90], [61, 69], [112, 63], [211, 68], [43, 73], [70, 86], [53, 73], [28, 75], [68, 107], [178, 75], [195, 54], [68, 86], [79, 59], [183, 71], [29, 95], [104, 84], [128, 83], [89, 78], [62, 69], [46, 99], [84, 103], [182, 69], [155, 77], [72, 83], [159, 86], [44, 97], [193, 91], [24, 118], [210, 111], [63, 109], [191, 97], [110, 106], [147, 97], [24, 114], [141, 90], [48, 128], [154, 104], [170, 98], [189, 113], [132, 116], [90, 120], [70, 132], [160, 103], [126, 142], [176, 158], [4, 137], [146, 180], [172, 122], [211, 117], [177, 197], [34, 154], [149, 178], [153, 132], [152, 122], [190, 134], [250, 115], [9, 162], [145, 162], [32, 181], [146, 151], [237, 148], [169, 122], [174, 154], [174, 137], [269, 89], [208, 171], [175, 155], [272, 191], [264, 126], [182, 187], [247, 220], [236, 191], [169, 216], [206, 208], [250, 161], [269, 241], [236, 228], [192, 236], [161, 249], [230, 230], [212, 256], [253, 257], [238, 275], [269, 291]]}