{"bonuses": [], "meta": {"created_at": "2021/07/12 13:32:49", "elapsed_s": 252.142094, "git_commit": "2771c8ba8145eaa8035d5e86189de4ae37a4323d", "judge": {"dislikes": 7913, "fit_in_hole": true, "gained_bonuses": [], "is_valid": true, "satisfy_stretch": true}, "solver": "OptunaAnnealingSolver", "parameters": {"initialize_pose_by_hole": 0, "T0": 6.5601863361791155, "T1": 0.012827931475536748, "single_small_change_max_delta": 3, "shift_max_delta": 3, "slight_rotate_max_deg": 4.457253854520232, "vote_pow": 4.2541785581665605, "slide_protrusion_max_delta": 1.7070555097541487, "single_small_change_probability": 0.49274574475447563, "slight_rotate_probability": 0.6243378222299811, "shift_probability": 0.35870777797402253, "hop_grid_probability": 0.8104351919807634, "flip_probability": 0.7805494977206312, "slide_protrusion_probability": 0.3745471941805106, "protrusion_cost_coefficient0": 0.10111151088056272, "protrusion_cost_coefficient1": 0.026490522939568224, "deformation_cost_coefficient": 43.85349054025202, "dislikes_cost_coefficient": 0.015750901131806928, "prohibit_unfeasible_after_feasible": 0}}, "vertices": [[29, 21], [114, 22], [2, 29], [101, 37], [178, 67], [166, 67], [92, 20], [188, 57], [122, 47], [198, 48], [8, 133], [28, 50], [88, 74], [68, 79], [122, 45], [32, 121], [24, 76], [17, 51], [45, 67], [171, 41], [146, 50], [213, 27], [117, 19], [44, 84], [43, 69], [76, 83], [104, 60], [226, 63], [30, 79], [64, 98], [35, 124], [12, 113], [85, 104], [179, 65], [195, 43], [67, 86], [97, 85], [210, 87], [35, 104], [108, 82], [129, 72], [46, 94], [83, 100], [45, 100], [86, 98], [212, 88], [156, 67], [63, 93], [172, 107], [27, 91], [188, 83], [21, 84], [167, 97], [67, 109], [184, 80], [110, 105], [145, 89], [26, 117], [154, 110], [52, 128], [161, 92], [167, 92], [186, 106], [133, 109], [92, 122], [43, 108], [159, 132], [150, 129], [130, 138], [29, 148], [216, 152], [172, 115], [208, 103], [252, 143], [36, 153], [162, 130], [153, 126], [152, 112], [191, 124], [232, 106], [16, 170], [155, 156], [44, 179], [155, 157], [202, 123], [169, 115], [180, 141], [171, 131], [258, 87], [215, 156], [160, 187], [268, 200], [234, 113], [190, 173], [240, 229], [235, 184], [179, 203], [205, 200], [233, 151], [217, 249], [238, 221], [195, 229], [163, 233], [226, 227], [239, 256], [252, 251], [270, 247], [272, 282]]}