{"bonuses": [], "meta": {"created_at": "2021/07/12 20:11:43", "elapsed_s": 227.026896, "git_commit": "63357edf0d76917e612009513db2af8ef7bd275f", "judge": {"dislikes": 5694, "fit_in_hole": true, "gained_bonuses": [], "is_valid": true, "satisfy_stretch": true}, "solver": "OptunaAnnealingSolver", "parameters": {"initialize_pose_by_hole": 0, "T0": 4.908997349698977, "T1": 0.017504560888155097, "single_small_change_max_delta": 3, "shift_max_delta": 3, "slight_rotate_max_deg": 3.0906059734314253, "vote_pow": 7.164408289670892, "slide_protrusion_max_delta": 1.7269599848727144, "single_small_change_probability": 0.6401343507011884, "slight_rotate_probability": 0.5582852810681433, "shift_probability": 0.37714745970606256, "hop_grid_probability": 0.8134327696550975, "flip_probability": 0.8593969269429428, "slide_protrusion_probability": 0.7691892630632835, "protrusion_cost_coefficient0": 0.10129339068916901, "protrusion_cost_coefficient1": 0.028422930788764022, "deformation_cost_coefficient": 36.74494758488248, "dislikes_cost_coefficient": 0.015385206895214713, "prohibit_unfeasible_after_feasible": 0}}, "vertices": [[28, 19], [91, 28], [2, 28], [108, 17], [177, 58], [137, 23], [91, 8], [136, 47], [110, 48], [186, 32], [23, 118], [31, 48], [71, 95], [52, 104], [113, 39], [3, 137], [29, 103], [16, 51], [42, 69], [158, 39], [134, 50], [212, 26], [115, 13], [39, 83], [43, 117], [82, 85], [108, 63], [226, 63], [30, 78], [63, 87], [16, 91], [6, 115], [76, 104], [174, 60], [196, 44], [62, 88], [102, 85], [198, 64], [53, 65], [104, 85], [127, 78], [68, 110], [82, 85], [40, 102], [81, 100], [198, 62], [152, 67], [70, 79], [168, 113], [23, 94], [186, 84], [65, 86], [166, 100], [63, 112], [172, 74], [106, 108], [142, 95], [22, 120], [149, 114], [47, 130], [158, 97], [165, 94], [186, 107], [129, 116], [89, 126], [69, 135], [164, 97], [151, 132], [144, 130], [32, 149], [177, 185], [171, 118], [209, 111], [174, 149], [37, 158], [161, 160], [152, 129], [151, 113], [189, 128], [250, 111], [11, 164], [149, 160], [33, 185], [152, 134], [229, 139], [166, 122], [176, 148], [160, 137], [266, 82], [208, 168], [177, 149], [273, 195], [254, 117], [182, 182], [270, 235], [239, 182], [165, 209], [208, 199], [257, 154], [245, 252], [233, 219], [192, 226], [163, 243], [238, 215], [213, 250], [251, 248], [237, 270], [269, 281]]}