{"bonuses":[],"meta":{"created_at":"2021/07/12 07:35:40","elapsed_s":178.841151,"git_commit":"2771c8ba8145eaa8035d5e86189de4ae37a4323d","judge":{"dislikes":9615,"fit_in_hole":true,"gained_bonuses":[],"is_valid":true,"satisfy_stretch":true},"parameters":{"T0":2.8322632960204546,"T1":0.01971183318967404,"deformation_cost_coefficient":39.519993131200074,"dislikes_cost_coefficient":0.011866698224584348,"flip_probability":0.760804295182618,"hop_grid_probability":0.9442807543934553,"initialize_pose_by_hole":0,"prohibit_unfeasible_after_feasible":0,"protrusion_cost_coefficient0":0.10265841792299218,"protrusion_cost_coefficient1":0.09394187080457742,"shift_max_delta":3,"shift_probability":0.36440671331219343,"single_small_change_max_delta":3,"single_small_change_probability":0.14047425542557285,"slide_protrusion_max_delta":2.047584677405785,"slide_protrusion_probability":0.8172064560883305,"slight_rotate_max_deg":4.812599565068336,"slight_rotate_probability":0.42814974238729153,"vote_pow":4.85803196157456},"solver":"OptunaAnnealingSolver"},"vertices":[[31,24],[159,40],[3,30],[144,27],[205,35],[179,78],[132,12],[163,60],[136,54],[212,62],[30,135],[39,52],[91,82],[79,66],[137,49],[4,130],[63,56],[12,55],[56,69],[185,52],[159,59],[224,38],[117,32],[57,77],[76,41],[86,68],[123,68],[253,81],[29,79],[80,86],[29,107],[3,108],[86,106],[194,76],[216,60],[77,89],[97,51],[227,93],[36,104],[122,90],[144,82],[77,67],[85,68],[51,92],[97,101],[225,78],[171,77],[105,123],[147,115],[18,86],[206,103],[23,84],[215,128],[78,112],[200,92],[120,113],[160,99],[31,109],[161,127],[56,120],[164,107],[182,103],[195,123],[144,117],[101,129],[71,136],[170,147],[158,140],[183,159],[26,139],[180,197],[180,127],[217,117],[207,221],[40,145],[208,180],[161,137],[160,129],[199,136],[273,188],[22,164],[153,167],[51,170],[191,202],[246,167],[176,127],[181,160],[181,112],[246,171],[212,181],[162,196],[275,203],[262,138],[194,191],[270,242],[240,201],[172,214],[210,217],[242,169],[251,265],[232,237],[190,240],[157,243],[182,233],[247,269],[207,259],[269,293],[241,273]]}