{"bonuses": [], "meta": {"created_at": "2021/07/12 07:42:13", "elapsed_s": 218.12116899999998, "git_commit": "2771c8ba8145eaa8035d5e86189de4ae37a4323d", "judge": {"dislikes": 40510, "fit_in_hole": true, "gained_bonuses": [], "is_valid": true, "satisfy_stretch": true}, "solver": "OptunaAnnealingSolver", "parameters": {"initialize_pose_by_hole": 0, "T0": 2.7397554449312165, "T1": 0.013858997315031617, "single_small_change_max_delta": 1, "shift_max_delta": 1, "slight_rotate_max_deg": 4.811295813621379, "vote_pow": 3.7058927632173826, "slide_protrusion_max_delta": 1.5284744012620368, "single_small_change_probability": 0.16207165040240648, "slight_rotate_probability": 0.4866876378141759, "shift_probability": 0.3822259214116467, "hop_grid_probability": 0.6731853525392345, "flip_probability": 0.4629655294635896, "slide_protrusion_probability": 0.041327206446392914, "protrusion_cost_coefficient0": 0.41034918906865414, "protrusion_cost_coefficient1": 0.01686240513329227, "deformation_cost_coefficient": 54.59021264338751, "dislikes_cost_coefficient": 0.0011602693732406194, "prohibit_unfeasible_after_feasible": 0}}, "vertices": [[66, 120], [64, 127], [60, 24], [62, 109], [75, 102], [61, 115], [57, 26], [59, 122], [71, 99], [56, 101], [63, 95], [73, 98], [57, 128], [53, 60], [56, 114], [69, 95], [50, 49], [58, 32], [54, 118], [53, 123], [52, 78], [55, 34], [50, 102], [61, 101], [59, 35], [46, 84], [49, 100], [48, 91], [49, 81], [45, 57], [45, 52], [48, 112], [44, 57], [42, 50], [49, 36], [44, 98], [43, 90], [44, 81], [41, 81], [57, 42], [44, 105], [50, 42], [37, 57], [36, 51], [41, 37], [36, 73], [40, 30], [33, 81]]}