{"bonuses": [], "meta": {"created_at": "2021/07/12 08:53:14", "elapsed_s": 229.455865, "git_commit": "2771c8ba8145eaa8035d5e86189de4ae37a4323d", "judge": {"dislikes": 17728, "fit_in_hole": true, "gained_bonuses": [], "is_valid": true, "satisfy_stretch": true}, "solver": "OptunaAnnealingSolver", "parameters": {"initialize_pose_by_hole": 0, "T0": 2.231290410143292, "T1": 0.0010127474805620687, "single_small_change_max_delta": 2, "shift_max_delta": 1, "slight_rotate_max_deg": 4.9069703801113524, "vote_pow": 4.848480273294915, "slide_protrusion_max_delta": 2.4660626785715056, "single_small_change_probability": 0.19116210369297268, "slight_rotate_probability": 0.6776425071808834, "shift_probability": 0.13014233618620896, "hop_grid_probability": 0.9208399359877877, "flip_probability": 0.8049121418268017, "slide_protrusion_probability": 0.7107610436317118, "protrusion_cost_coefficient0": 7.388187811946825, "protrusion_cost_coefficient1": 0.0036157156430680565, "deformation_cost_coefficient": 85.1119425694954, "dislikes_cost_coefficient": 0.0007501064616233155, "prohibit_unfeasible_after_feasible": 0}}, "vertices": [[36, 226], [45, 204], [37, 191], [60, 220], [44, 177], [55, 195], [71, 205], [72, 190], [62, 164], [82, 171], [63, 116], [60, 141], [98, 192], [57, 98], [52, 76], [31, 56], [46, 62], [106, 174], [117, 192], [64, 86], [75, 95], [84, 138], [102, 154], [42, 36], [86, 95], [68, 73], [64, 60], [87, 114], [60, 133], [126, 171], [89, 107], [42, 12], [122, 149], [82, 80], [61, 43], [109, 126], [107, 111], [62, 24], [147, 182], [74, 34], [90, 67], [129, 125], [142, 160], [99, 80], [103, 93], [36, 129], [62, 126], [148, 137], [121, 111], [132, 78], [76, 40], [189, 159], [92, 25], [149, 178], [138, 102], [168, 198], [133, 51], [138, 122], [188, 127], [161, 113], [157, 59], [156, 84], [226, 170], [214, 141], [182, 96], [209, 118], [208, 115], [206, 76], [228, 99], [213, 82], [216, 45]]}