{"bonuses":[],"meta":{"created_at":"2021/07/12 19:48:41","elapsed_s":215.733647,"git_commit":"63357edf0d76917e612009513db2af8ef7bd275f","judge":{"dislikes":17252,"fit_in_hole":true,"gained_bonuses":[],"is_valid":true,"satisfy_stretch":true},"parameters":{"T0":1.5588311007572606,"T1":0.001063092494893993,"deformation_cost_coefficient":93.65137355734869,"dislikes_cost_coefficient":0.0013897333250614714,"flip_probability":0.8211058635682458,"hop_grid_probability":0.8898508258114528,"initialize_pose_by_hole":0,"prohibit_unfeasible_after_feasible":0,"protrusion_cost_coefficient0":2.5635854457834184,"protrusion_cost_coefficient1":0.00840345552253449,"shift_max_delta":1,"shift_probability":0.17125023717371837,"single_small_change_max_delta":2,"single_small_change_probability":0.589642984042083,"slide_protrusion_max_delta":2.6277323436237934,"slide_protrusion_probability":0.9534659942788344,"slight_rotate_max_deg":4.28590334602616,"slight_rotate_probability":0.6707147942413813,"vote_pow":8.67627712138018},"solver":"OptunaAnnealingSolver"},"vertices":[[34,227],[43,205],[37,191],[58,221],[44,179],[55,197],[71,208],[71,193],[64,168],[84,176],[59,123],[63,146],[102,197],[53,104],[53,78],[32,57],[47,64],[112,179],[123,197],[60,92],[71,102],[87,144],[105,160],[47,40],[82,100],[67,79],[65,66],[70,126],[64,151],[133,177],[95,102],[41,18],[125,155],[82,83],[66,47],[112,130],[115,105],[63,26],[156,183],[65,31],[90,69],[133,131],[146,163],[99,80],[110,88],[68,128],[42,128],[144,112],[108,112],[151,84],[83,19],[211,132],[63,11],[158,179],[146,110],[175,201],[159,58],[126,105],[185,150],[170,121],[136,64],[151,84],[227,166],[214,137],[178,93],[208,115],[207,111],[195,67],[230,99],[212,78],[215,41]]}