{"bonuses": [], "meta": {"created_at": "2021/07/12 07:10:36", "elapsed_s": 173.687707, "git_commit": "2771c8ba8145eaa8035d5e86189de4ae37a4323d", "judge": {"dislikes": 13427, "fit_in_hole": true, "gained_bonuses": [], "is_valid": true, "satisfy_stretch": true}, "solver": "OptunaAnnealingSolver", "parameters": {"initialize_pose_by_hole": 0, "T0": 3.2274256404907846, "T1": 0.026985515635385537, "single_small_change_max_delta": 2, "shift_max_delta": 2, "slight_rotate_max_deg": 1.7510567495238576, "vote_pow": 4.453617736386963, "slide_protrusion_max_delta": 1.2185256214261702, "single_small_change_probability": 0.5536774936170838, "slight_rotate_probability": 0.0481385118175412, "shift_probability": 0.5253628561112269, "hop_grid_probability": 0.7346525618779585, "flip_probability": 0.2599211885990844, "slide_protrusion_probability": 0.3114963074559457, "protrusion_cost_coefficient0": 0.26601168178024925, "protrusion_cost_coefficient1": 0.08026622300481252, "deformation_cost_coefficient": 25.551834052803233, "dislikes_cost_coefficient": 0.0025404874361756704, "prohibit_unfeasible_after_feasible": 0}}, "vertices": [[101, 109], [17, 105], [103, 75], [84, 94], [113, 26], [40, 88], [109, 42], [92, 71], [91, 55], [101, 49], [77, 71], [69, 78], [62, 82], [61, 103], [79, 64], [62, 79], [58, 76], [93, 42], [49, 111], [71, 57], [50, 63], [51, 68], [84, 35], [64, 56], [54, 57], [53, 75], [50, 96], [80, 46], [79, 26], [59, 42], [79, 10], [28, 54], [54, 32], [43, 38], [12, 30], [38, 16]]}