{"bonuses":[],"meta":{"created_at":"2021/07/12 14:03:11","elapsed_s":135.054185,"git_commit":"2771c8ba8145eaa8035d5e86189de4ae37a4323d","judge":{"dislikes":13268,"fit_in_hole":true,"gained_bonuses":[],"is_valid":true,"satisfy_stretch":true},"parameters":{"T0":2.4369328997129034,"T1":0.024590579179195948,"deformation_cost_coefficient":27.425738118426402,"dislikes_cost_coefficient":0.0028004775636723584,"flip_probability":0.23761064385889089,"hop_grid_probability":0.8285158405130192,"initialize_pose_by_hole":0,"prohibit_unfeasible_after_feasible":0,"protrusion_cost_coefficient0":2.614508595053171,"protrusion_cost_coefficient1":0.07869419721880781,"shift_max_delta":2,"shift_probability":0.4918102227177828,"single_small_change_max_delta":2,"single_small_change_probability":0.5787682356225384,"slide_protrusion_max_delta":1.0780285141196497,"slide_protrusion_probability":0.42630479882701855,"slight_rotate_max_deg":2.8850896215525643,"slight_rotate_probability":0.8566049796223744,"vote_pow":4.5573086569334125},"solver":"OptunaAnnealingSolver"},"vertices":[[100,110],[14,105],[101,78],[83,95],[113,28],[38,89],[106,43],[90,74],[91,58],[97,48],[75,73],[67,80],[58,84],[62,105],[79,67],[60,80],[56,77],[88,42],[49,112],[71,60],[48,64],[49,69],[79,35],[64,58],[54,60],[47,76],[47,97],[76,46],[74,26],[59,44],[79,10],[26,55],[56,33],[45,40],[10,31],[38,19]]}