{"bonuses":[],"meta":{"created_at":"2021/07/12 03:02:33","elapsed_s":177.609627,"git_commit":"2771c8ba8145eaa8035d5e86189de4ae37a4323d","judge":{"dislikes":33034,"fit_in_hole":true,"gained_bonuses":[],"is_valid":true,"satisfy_stretch":true},"parameters":{"T0":48.47214532717244,"T1":0.021557039807359048,"deformation_cost_coefficient":89.2437525239475,"dislikes_cost_coefficient":0.0007385119860594256,"flip_probability":0.10218388228963801,"hop_grid_probability":0.4497024774776177,"initialize_pose_by_hole":0,"prohibit_unfeasible_after_feasible":0,"protrusion_cost_coefficient0":8.029667145856715,"protrusion_cost_coefficient1":0.0303306808301539,"shift_max_delta":2,"shift_probability":0.05178294699797406,"single_small_change_max_delta":2,"single_small_change_probability":0.3508797734438194,"slide_protrusion_max_delta":1.9152831829376642,"slide_protrusion_probability":0.4735105362996066,"slight_rotate_max_deg":4.726035318863899,"slight_rotate_probability":0.07768123031089189,"vote_pow":2.9516717277225517},"solver":"OptunaAnnealingSolver"},"vertices":[[131,187],[118,227],[168,193],[129,191],[130,192],[87,157],[107,166],[143,83],[104,176],[117,81],[58,148],[58,113],[119,77],[75,188],[78,160],[93,58],[105,102],[49,158],[88,135],[89,83],[35,95],[65,211],[112,76],[77,50],[115,77],[69,186],[94,69],[106,156],[93,104],[33,177],[56,117],[110,49],[88,79],[47,200],[57,39],[102,127],[85,174],[84,46],[23,206],[132,63],[45,226],[81,146],[110,62],[75,102],[78,129],[97,26],[110,49]]}