{"bonuses":[],"meta":{"created_at":"2021/07/12 19:56:10","elapsed_s":206.345291,"git_commit":"","judge":{"dislikes":21197,"fit_in_hole":true,"gained_bonuses":[],"is_valid":true,"satisfy_stretch":true},"parameters":{"T0":2.1115391975946523,"T1":0.0017597376851868356,"deformation_cost_coefficient":87.49498913208102,"dislikes_cost_coefficient":0.0001296915335562202,"flip_probability":0.3482592936206739,"hop_grid_probability":0.08224327491626302,"initialize_pose_by_hole":0,"prohibit_unfeasible_after_feasible":0,"protrusion_cost_coefficient0":7.094474510515917,"protrusion_cost_coefficient1":0.026896524607897963,"shift_max_delta":3,"shift_probability":0.9043948031430907,"single_small_change_max_delta":1,"single_small_change_probability":0.9137352664979886,"slide_protrusion_max_delta":1.4037915174179478,"slide_protrusion_probability":0.635737108887926,"slight_rotate_max_deg":4.46812559640362,"slight_rotate_probability":0.7471413488668021,"vote_pow":6.71713202649648},"solver":"OptunaAnnealingSolver"},"vertices":[[171,256],[132,241],[169,219],[140,202],[133,203],[145,179],[123,171],[166,90],[119,175],[149,70],[116,170],[103,139],[142,95],[94,196],[87,169],[69,71],[125,79],[67,189],[96,144],[112,101],[84,160],[76,214],[70,44],[61,14],[98,79],[69,189],[76,35],[68,148],[93,112],[77,213],[106,180],[97,50],[75,93],[51,209],[82,3],[68,119],[39,151],[100,25],[56,234],[84,71],[29,221],[39,122],[101,85],[51,83],[47,109],[78,20],[82,45]]}