{"bonuses":[],"meta":{"created_at":"2021/07/12 14:31:32","elapsed_s":205.499751,"git_commit":"2771c8ba8145eaa8035d5e86189de4ae37a4323d","judge":{"dislikes":23487,"fit_in_hole":true,"gained_bonuses":[],"is_valid":true,"satisfy_stretch":true},"parameters":{"T0":1.910041598375043,"T1":0.0016443921577264026,"deformation_cost_coefficient":88.99834198767302,"dislikes_cost_coefficient":4.776776640801602e-05,"flip_probability":0.42161287063786024,"hop_grid_probability":0.043639440463919876,"initialize_pose_by_hole":0,"prohibit_unfeasible_after_feasible":0,"protrusion_cost_coefficient0":4.852770235270654,"protrusion_cost_coefficient1":0.027356827716866695,"shift_max_delta":3,"shift_probability":0.9296215060490283,"single_small_change_max_delta":1,"single_small_change_probability":0.8953922328289613,"slide_protrusion_max_delta":1.305328769095235,"slide_protrusion_probability":0.6119719012033642,"slight_rotate_max_deg":4.28701449579858,"slight_rotate_probability":0.7033969593375583,"vote_pow":4.874099969137344},"solver":"OptunaAnnealingSolver"},"vertices":[[120,42],[79,50],[156,49],[72,12],[117,51],[82,76],[82,45],[65,222],[108,80],[83,202],[88,104],[123,96],[60,199],[75,83],[91,106],[128,224],[103,186],[64,110],[104,131],[79,176],[152,96],[89,104],[125,250],[167,188],[128,195],[63,108],[148,205],[76,130],[92,160],[46,128],[123,99],[131,223],[105,183],[36,102],[147,201],[66,157],[63,155],[156,229],[19,142],[108,232],[12,113],[41,172],[112,210],[106,158],[83,173],[155,252],[132,241]]}