{"bonuses":[],"meta":{"created_at":"2021/07/12 19:08:13","elapsed_s":62.705233,"git_commit":"","judge":{"dislikes":16609,"fit_in_hole":true,"gained_bonuses":[],"is_valid":true,"satisfy_stretch":true},"parameters":{"T0":58.188005105887605,"T1":0.0010866246181905194,"deformation_cost_coefficient":2.884599767364864,"dislikes_cost_coefficient":0.0006734997861985498,"flip_probability":0.2622495195503552,"hop_grid_probability":0.6946588101222154,"initialize_pose_by_hole":1,"prohibit_unfeasible_after_feasible":0,"protrusion_cost_coefficient0":0.5194516367180638,"protrusion_cost_coefficient1":0.02023180865339144,"shift_max_delta":2,"shift_probability":0.5367217929161082,"single_small_change_max_delta":2,"single_small_change_probability":0.1791581118990892,"slide_protrusion_max_delta":2.062755295505075,"slide_protrusion_probability":0.1703990150666133,"slight_rotate_max_deg":3.9458663431437375,"slight_rotate_probability":0.9966400227384132,"vote_pow":5.212443800312679},"solver":"OptunaAnnealingSolver"},"vertices":[[29,19],[18,33],[20,38],[74,63],[62,65],[49,58],[102,98],[52,76],[50,71],[57,81],[44,91],[55,98],[94,32]]}