{"bonuses":[],"meta":{"created_at":"2021/07/12 06:59:45","elapsed_s":127.75516499999999,"git_commit":"2771c8ba8145eaa8035d5e86189de4ae37a4323d","judge":{"dislikes":16686,"fit_in_hole":true,"gained_bonuses":[],"is_valid":true,"satisfy_stretch":true},"parameters":{"T0":6.442306625017029,"T1":0.0027448107098499686,"deformation_cost_coefficient":8.761224759659012,"dislikes_cost_coefficient":0.0005566346862611783,"flip_probability":0.417002875223317,"hop_grid_probability":0.5150543035213142,"initialize_pose_by_hole":1,"prohibit_unfeasible_after_feasible":0,"protrusion_cost_coefficient0":3.6699538298110896,"protrusion_cost_coefficient1":0.019512871751932958,"shift_max_delta":2,"shift_probability":0.5665630166437045,"single_small_change_max_delta":2,"single_small_change_probability":0.15104182912658845,"slide_protrusion_max_delta":2.093858589415661,"slide_protrusion_probability":0.24490075046549864,"slight_rotate_max_deg":4.584686396127397,"slight_rotate_probability":0.9506149460025273,"vote_pow":4.058710634277313},"solver":"OptunaAnnealingSolver"},"vertices":[[31,21],[19,34],[20,39],[74,65],[64,72],[55,60],[101,96],[51,77],[50,72],[56,83],[43,92],[54,99],[92,33]]}