{"bonuses": [], "meta": {"created_at": "2021/07/12 14:20:48", "elapsed_s": 106.602492, "git_commit": "2771c8ba8145eaa8035d5e86189de4ae37a4323d", "judge": {"dislikes": 16626, "fit_in_hole": true, "gained_bonuses": [], "is_valid": true, "satisfy_stretch": true}, "solver": "OptunaAnnealingSolver", "parameters": {"initialize_pose_by_hole": 1, "T0": 56.44188536422516, "T1": 0.0031111114481962576, "single_small_change_max_delta": 2, "shift_max_delta": 2, "slight_rotate_max_deg": 3.8597810840956455, "vote_pow": 4.192707553314128, "slide_protrusion_max_delta": 2.1250180555933946, "single_small_change_probability": 0.2345982186504508, "slight_rotate_probability": 0.1808283614484227, "shift_probability": 0.5602189352586647, "hop_grid_probability": 0.5238291635560698, "flip_probability": 0.19768176048807518, "slide_protrusion_probability": 0.28472202184553264, "protrusion_cost_coefficient0": 0.3235667361459217, "protrusion_cost_coefficient1": 0.03431339034326566, "deformation_cost_coefficient": 2.0426343022907294, "dislikes_cost_coefficient": 0.0008484852078316801, "prohibit_unfeasible_after_feasible": 0}}, "vertices": [[29, 19], [18, 33], [20, 38], [75, 64], [64, 68], [51, 58], [102, 98], [52, 76], [50, 71], [57, 81], [44, 91], [55, 98], [93, 32]]}