{"bonuses": [], "meta": {"created_at": "2021/07/12 09:00:03", "elapsed_s": 301.317544, "git_commit": "2771c8ba8145eaa8035d5e86189de4ae37a4323d", "judge": {"dislikes": 24813, "fit_in_hole": true, "gained_bonuses": [], "is_valid": true, "satisfy_stretch": true}, "solver": "OptunaAnnealingSolver", "parameters": {"initialize_pose_by_hole": 0, "T0": 1.3065561623563973, "T1": 0.0018515172397306444, "single_small_change_max_delta": 2, "shift_max_delta": 1, "slight_rotate_max_deg": 2.1420220895288997, "vote_pow": 4.723673203075191, "slide_protrusion_max_delta": 2.285356575822547, "single_small_change_probability": 0.8283487071098681, "slight_rotate_probability": 0.9733245553505185, "shift_probability": 0.9468541385541791, "hop_grid_probability": 0.24658536856488175, "flip_probability": 0.20022946831458674, "slide_protrusion_probability": 0.14404503702360674, "protrusion_cost_coefficient0": 0.5705093014495253, "protrusion_cost_coefficient1": 0.002040326128991916, "deformation_cost_coefficient": 86.43172579526957, "dislikes_cost_coefficient": 8.070663381232463e-05, "prohibit_unfeasible_after_feasible": 0}}, "vertices": [[208, 266], [174, 226], [204, 231], [103, 201], [235, 261], [84, 226], [96, 200], [180, 159], [167, 195], [218, 186], [214, 202], [120, 227], [224, 234], [80, 174], [197, 181], [101, 199], [192, 177], [144, 166], [73, 187], [71, 185], [100, 181], [92, 178], [207, 154], [54, 166], [118, 189], [111, 161], [173, 151], [84, 172], [82, 159], [109, 163], [19, 166], [196, 128], [108, 150], [87, 143], [85, 141], [96, 137], [96, 139], [14, 194], [167, 123], [113, 127], [147, 127], [56, 173], [33, 193], [82, 162], [78, 117], [71, 124], [18, 221], [100, 99], [84, 70], [133, 97], [53, 102], [114, 71], [84, 75], [90, 67], [66, 74], [34, 76], [122, 66], [62, 44], [155, 59], [108, 37], [79, 18], [142, 31]]}