{"bonuses": [], "meta": {"created_at": "2021/07/12 20:41:42", "elapsed_s": 245.62042499999998, "git_commit": "63357edf0d76917e612009513db2af8ef7bd275f", "judge": {"dislikes": 20609, "fit_in_hole": true, "gained_bonuses": [], "is_valid": true, "satisfy_stretch": true}, "solver": "OptunaAnnealingSolver", "parameters": {"initialize_pose_by_hole": 0, "T0": 2.7902870980750443, "T1": 0.0017959980919271712, "single_small_change_max_delta": 2, "shift_max_delta": 1, "slight_rotate_max_deg": 1.9245872380616051, "vote_pow": 5.185512953260576, "slide_protrusion_max_delta": 2.527748479182397, "single_small_change_probability": 0.501007339755775, "slight_rotate_probability": 0.4549671369667013, "shift_probability": 0.9413751465945661, "hop_grid_probability": 0.7038030781038023, "flip_probability": 0.18771362151254367, "slide_protrusion_probability": 0.33676404186366976, "protrusion_cost_coefficient0": 0.6605689934506067, "protrusion_cost_coefficient1": 0.00840978626160399, "deformation_cost_coefficient": 50.46620194157389, "dislikes_cost_coefficient": 0.00015681633894678448, "prohibit_unfeasible_after_feasible": 0}}, "vertices": [[214, 248], [174, 222], [205, 214], [96, 224], [203, 224], [98, 192], [126, 226], [173, 155], [168, 191], [195, 140], [199, 184], [110, 193], [225, 205], [119, 196], [211, 124], [114, 164], [176, 160], [139, 167], [38, 158], [57, 185], [86, 179], [40, 170], [203, 152], [54, 182], [79, 175], [107, 165], [152, 138], [105, 133], [67, 158], [26, 152], [19, 177], [176, 158], [92, 147], [92, 103], [134, 145], [91, 147], [51, 139], [13, 205], [178, 127], [106, 131], [132, 109], [46, 179], [31, 205], [68, 162], [75, 124], [29, 120], [15, 232], [93, 103], [81, 72], [155, 85], [53, 106], [123, 93], [116, 122], [86, 70], [61, 76], [84, 97], [110, 49], [57, 50], [141, 36], [79, 37], [49, 19], [112, 26]]}