{"bonuses":[],"meta":{"created_at":"2021/07/12 11:05:26","elapsed_s":292.15844599999997,"git_commit":"2771c8ba8145eaa8035d5e86189de4ae37a4323d","judge":{"dislikes":22443,"fit_in_hole":true,"gained_bonuses":[],"is_valid":true,"satisfy_stretch":true},"parameters":{"T0":2.763906853927378,"T1":0.001022039062272168,"deformation_cost_coefficient":81.44716658522465,"dislikes_cost_coefficient":0.0003521764096902299,"flip_probability":0.24771416969246143,"hop_grid_probability":0.27220996251422147,"initialize_pose_by_hole":0,"prohibit_unfeasible_after_feasible":0,"protrusion_cost_coefficient0":0.4775638261761935,"protrusion_cost_coefficient1":0.0022462215951070765,"shift_max_delta":1,"shift_probability":0.9835171224701251,"single_small_change_max_delta":2,"single_small_change_probability":0.8786207950882989,"slide_protrusion_max_delta":2.410642768873945,"slide_protrusion_probability":0.06858494426911123,"slight_rotate_max_deg":2.318041157958501,"slight_rotate_probability":0.4872967706011411,"vote_pow":4.1980960355629415},"solver":"OptunaAnnealingSolver"},"vertices":[[231,252],[185,224],[217,220],[82,228],[207,264],[74,196],[85,222],[176,158],[170,196],[208,187],[193,202],[121,230],[201,235],[94,194],[190,175],[79,165],[187,171],[142,170],[86,174],[55,173],[83,176],[78,168],[207,152],[58,173],[119,192],[109,164],[165,147],[106,146],[72,149],[69,147],[23,170],[191,128],[51,167],[94,104],[137,149],[95,136],[94,138],[5,192],[162,119],[110,130],[142,120],[50,169],[38,197],[27,152],[72,120],[74,118],[13,217],[94,104],[85,72],[158,91],[48,105],[126,101],[106,78],[90,70],[65,77],[33,77],[115,50],[68,44],[145,35],[85,36],[56,16],[117,22]]}