{"bonuses":[],"meta":{"created_at":"2021/07/12 11:31:14","elapsed_s":297.054302,"git_commit":"2771c8ba8145eaa8035d5e86189de4ae37a4323d","judge":{"dislikes":15723,"fit_in_hole":true,"gained_bonuses":[],"is_valid":true,"satisfy_stretch":true},"parameters":{"T0":1.5548664584245564,"T1":0.005688565288007353,"deformation_cost_coefficient":17.63922060797181,"dislikes_cost_coefficient":0.00633234746710619,"flip_probability":0.3509426467121148,"hop_grid_probability":0.8684432966329302,"initialize_pose_by_hole":0,"prohibit_unfeasible_after_feasible":0,"protrusion_cost_coefficient0":2.181724040697197,"protrusion_cost_coefficient1":0.010975268196677466,"shift_max_delta":1,"shift_probability":0.7564629822741363,"single_small_change_max_delta":1,"single_small_change_probability":0.631500076533854,"slide_protrusion_max_delta":1.4229262898657518,"slide_protrusion_probability":0.9766701686116643,"slight_rotate_max_deg":2.974417587288418,"slight_rotate_probability":0.7991447883947312,"vote_pow":4.987825439166704},"solver":"OptunaAnnealingSolver"},"vertices":[[6,153],[24,137],[6,130],[6,114],[25,123],[21,120],[13,112],[44,43],[48,80],[52,77],[34,108],[43,149],[35,49],[46,67],[55,92],[40,138],[56,66],[49,80],[45,133],[91,164],[20,33],[61,79],[57,82],[56,93],[59,97],[84,155],[62,83],[58,113],[81,165],[80,178],[74,174],[83,51],[68,124],[76,52],[73,56],[68,56],[92,46],[82,129],[90,146],[63,186],[72,71],[92,135],[83,32],[105,74],[103,102],[119,76],[155,59],[113,138],[151,65],[119,72],[123,134],[119,60],[130,65],[124,150],[136,68],[136,63],[156,190],[130,64],[139,124],[143,82],[167,23],[141,80],[148,112],[139,166],[142,181],[151,76],[153,91],[150,101],[139,159],[136,185],[135,165],[149,92],[140,89],[164,131],[183,34],[167,44],[153,66],[149,75],[167,114],[166,124],[155,79],[173,110],[177,44],[180,77],[155,72],[185,82],[186,87],[190,97],[185,145],[202,102],[200,147],[186,140]]}