{"bonuses":[],"meta":{"created_at":"2021/07/12 19:14:54","elapsed_s":288.3181,"git_commit":"63357edf0d76917e612009513db2af8ef7bd275f","judge":{"dislikes":15705,"fit_in_hole":true,"gained_bonuses":[],"is_valid":true,"satisfy_stretch":true},"parameters":{"T0":2.3364441545754717,"T1":0.008989587831172067,"deformation_cost_coefficient":17.412993411016647,"dislikes_cost_coefficient":0.007241595652893887,"flip_probability":0.3046458992658402,"hop_grid_probability":0.7330099772654388,"initialize_pose_by_hole":0,"prohibit_unfeasible_after_feasible":0,"protrusion_cost_coefficient0":1.2483023936496513,"protrusion_cost_coefficient1":0.06783218582874459,"shift_max_delta":3,"shift_probability":0.30926103822019924,"single_small_change_max_delta":1,"single_small_change_probability":0.6685814526615963,"slide_protrusion_max_delta":1.4662148707590994,"slide_protrusion_probability":0.9572718329306342,"slight_rotate_max_deg":1.3349592771583658,"slight_rotate_probability":0.7954569988325175,"vote_pow":6.163238262070284},"solver":"OptunaAnnealingSolver"},"vertices":[[11,114],[11,152],[34,108],[25,95],[21,141],[21,136],[20,90],[43,47],[52,82],[47,81],[35,105],[39,136],[33,52],[43,70],[53,97],[44,140],[51,77],[60,89],[47,146],[79,171],[20,34],[58,89],[57,94],[50,98],[54,101],[76,161],[56,89],[59,116],[66,165],[60,173],[55,168],[78,61],[71,125],[72,58],[69,62],[69,67],[85,53],[81,136],[81,151],[41,177],[54,61],[89,143],[79,38],[95,76],[99,106],[125,90],[146,75],[110,141],[139,76],[106,86],[120,136],[121,74],[123,76],[123,151],[125,69],[126,74],[144,191],[121,63],[136,126],[131,92],[166,21],[111,86],[141,112],[134,170],[149,175],[121,91],[146,91],[143,101],[131,164],[156,176],[137,168],[124,93],[132,87],[156,143],[181,36],[166,43],[153,66],[148,75],[162,114],[163,142],[151,81],[168,111],[176,46],[178,74],[155,75],[179,81],[183,84],[163,86],[175,162],[195,102],[184,176],[180,161]]}