{"bonuses":[],"meta":{"created_at":"2021/07/12 07:38:35","elapsed_s":381.063523,"git_commit":"2771c8ba8145eaa8035d5e86189de4ae37a4323d","judge":{"dislikes":17151,"fit_in_hole":true,"gained_bonuses":[],"is_valid":true,"satisfy_stretch":true},"parameters":{"T0":1.813129458480471,"T1":0.011466998431945721,"deformation_cost_coefficient":26.690515475659385,"dislikes_cost_coefficient":0.0060984322484958185,"flip_probability":0.32775264237715546,"hop_grid_probability":0.8603288234747523,"initialize_pose_by_hole":0,"prohibit_unfeasible_after_feasible":0,"protrusion_cost_coefficient0":1.6468877714294872,"protrusion_cost_coefficient1":0.055399204780179685,"shift_max_delta":3,"shift_probability":0.6827062976694471,"single_small_change_max_delta":1,"single_small_change_probability":0.6748383172920536,"slide_protrusion_max_delta":1.2227727886784088,"slide_protrusion_probability":0.928669180639872,"slight_rotate_max_deg":2.473794963483375,"slight_rotate_probability":0.8615396772472352,"vote_pow":4.214006421163988},"solver":"OptunaAnnealingSolver"},"vertices":[[16,86],[7,153],[39,80],[45,93],[12,139],[9,135],[42,87],[40,41],[47,76],[42,77],[33,108],[50,92],[30,47],[37,67],[50,90],[34,130],[53,72],[46,86],[36,137],[42,157],[18,28],[65,81],[64,86],[54,98],[55,93],[52,151],[61,90],[59,109],[56,161],[52,173],[47,168],[71,45],[65,122],[77,48],[78,53],[78,58],[81,43],[70,135],[72,149],[33,177],[92,49],[79,141],[83,28],[98,76],[99,108],[153,60],[118,69],[100,143],[117,62],[112,78],[110,137],[137,64],[139,63],[115,145],[132,62],[137,63],[140,190],[127,67],[127,128],[138,88],[166,37],[138,82],[137,118],[131,159],[135,174],[128,85],[147,100],[140,107],[136,154],[128,175],[129,154],[143,95],[146,85],[148,144],[180,53],[175,57],[158,77],[151,85],[156,118],[154,141],[144,84],[163,117],[183,64],[180,102],[151,82],[176,108],[171,109],[182,122],[170,160],[192,109],[184,169],[174,157]]}