{"bonuses":[],"meta":{"created_at":"2021/07/12 08:42:11","elapsed_s":240.35366599999998,"git_commit":"2771c8ba8145eaa8035d5e86189de4ae37a4323d","judge":{"dislikes":8153,"fit_in_hole":true,"gained_bonuses":[],"is_valid":true,"satisfy_stretch":true},"parameters":{"T0":1.7510649298466432,"T1":0.009286927545383326,"deformation_cost_coefficient":43.947578615315976,"dislikes_cost_coefficient":0.0012547998527672644,"flip_probability":0.9545603562312238,"hop_grid_probability":0.22513481278637248,"initialize_pose_by_hole":0,"prohibit_unfeasible_after_feasible":0,"protrusion_cost_coefficient0":1.0234343791740457,"protrusion_cost_coefficient1":0.0034954710429462906,"shift_max_delta":2,"shift_probability":0.8088173313506498,"single_small_change_max_delta":3,"single_small_change_probability":0.6197000414070368,"slide_protrusion_max_delta":2.842301629868405,"slide_protrusion_probability":0.8204929027304673,"slight_rotate_max_deg":4.257107009746859,"slight_rotate_probability":0.86934654700903,"vote_pow":3.164638008294997},"solver":"OptunaAnnealingSolver"},"vertices":[[52,46],[52,53],[70,59],[77,61],[52,32],[51,39],[59,56],[64,61],[72,66],[62,22],[56,26],[52,46],[58,49],[58,63],[65,63],[57,27],[52,32],[52,39],[52,53],[52,60],[52,32],[46,28],[46,42],[46,49],[46,57],[46,64],[45,29],[39,32],[39,39],[39,53],[39,60],[43,71],[40,34],[33,36],[33,42],[33,49],[33,62],[36,68],[35,29],[27,32],[27,39],[27,53],[27,60],[28,29],[21,28],[21,42],[21,49],[21,63],[18,69],[14,30],[16,37],[14,52],[16,59],[18,76],[11,41],[17,45],[13,65],[12,72]]}