{"bonuses": [], "meta": {"created_at": "2021/07/12 06:35:33", "elapsed_s": 338.741996, "git_commit": "2771c8ba8145eaa8035d5e86189de4ae37a4323d", "judge": {"dislikes": 24905, "fit_in_hole": true, "gained_bonuses": [], "is_valid": true, "satisfy_stretch": true}, "solver": "OptunaAnnealingSolver", "parameters": {"initialize_pose_by_hole": 1, "T0": 53.43594437623926, "T1": 0.004466937576141496, "single_small_change_max_delta": 1, "shift_max_delta": 2, "slight_rotate_max_deg": 2.856503001202212, "vote_pow": 3.989192851826327, "slide_protrusion_max_delta": 2.1141425533306513, "single_small_change_probability": 0.4888490603710267, "slight_rotate_probability": 0.0016111256636299823, "shift_probability": 0.06265386147832222, "hop_grid_probability": 0.07912000391573562, "flip_probability": 0.30226101641100883, "slide_protrusion_probability": 0.002359011132975597, "protrusion_cost_coefficient0": 0.6734197393788954, "protrusion_cost_coefficient1": 0.055864516477642366, "deformation_cost_coefficient": 1.5811329599158954, "dislikes_cost_coefficient": 0.00019619349271277712, "prohibit_unfeasible_after_feasible": 0}}, "vertices": [[67, 177], [65, 185], [63, 171], [63, 177], [114, 144], [120, 152], [38, 205], [123, 149], [125, 140], [144, 57], [155, 64], [109, 171], [148, 65], [16, 179], [146, 74], [160, 149], [54, 113], [78, 127], [94, 166], [127, 203], [196, 19], [112, 34], [175, 185], [80, 184], [188, 110], [142, 179], [18, 119], [102, 72], [102, 150], [109, 155], [103, 127], [26, 45], [133, 150], [113, 146], [104, 135], [67, 134], [89, 137], [142, 137], [118, 113], [95, 134], [134, 22], [81, 144], [93, 128], [109, 109], [45, 93], [88, 124], [83, 136], [106, 102], [123, 76]]}