{"bonuses": [], "meta": {"created_at": "2021/07/12 00:13:30", "elapsed_s": 6.145877, "git_commit": "2771c8ba8145eaa8035d5e86189de4ae37a4323d", "judge": {"dislikes": 116, "fit_in_hole": true, "gained_bonuses": [], "is_valid": true, "satisfy_stretch": true}, "solver": "OptunaAnnealingSolver", "parameters": {"initialize_pose_by_hole": 1, "T0": 37.67910681222405, "T1": 0.07294014577361972, "single_small_change_max_delta": 3, "shift_max_delta": 3, "slight_rotate_max_deg": 2.6220441900183467, "vote_pow": 3.896460536049469, "slide_protrusion_max_delta": 2.710446138081693, "single_small_change_probability": 0.9964128297480869, "slight_rotate_probability": 0.6784435530213275, "shift_probability": 0.9022829546239562, "hop_grid_probability": 0.8298041215469436, "flip_probability": 0.16220873508385625, "slide_protrusion_probability": 0.8371231282900402, "protrusion_cost_coefficient0": 0.39009554508812705, "protrusion_cost_coefficient1": 0.001308456103573595, "deformation_cost_coefficient": 67.41488845502772, "dislikes_cost_coefficient": 0.0003100039023192893, "prohibit_unfeasible_after_feasible": 1}}, "vertices": [[0, 0], [10, 0], [10, 10]]}