{"bonuses": [], "meta": {"created_at": "2021/07/12 00:13:46", "elapsed_s": 3.812716, "git_commit": "2771c8ba8145eaa8035d5e86189de4ae37a4323d", "judge": {"dislikes": 5318, "fit_in_hole": true, "gained_bonuses": [], "is_valid": true, "satisfy_stretch": true}, "solver": "OptunaAnnealingSolver", "parameters": {"initialize_pose_by_hole": 0, "T0": 50.35638469543471, "T1": 0.0019736271137796783, "single_small_change_max_delta": 1, "shift_max_delta": 1, "slight_rotate_max_deg": 3.997403173496997, "vote_pow": 4.8206916992126825, "slide_protrusion_max_delta": 1.8360890457791836, "single_small_change_probability": 0.43644042211766565, "slight_rotate_probability": 0.07949469512827045, "shift_probability": 0.13649245490681516, "hop_grid_probability": 0.687319835320368, "flip_probability": 0.25800882728955987, "slide_protrusion_probability": 0.5659777000806957, "protrusion_cost_coefficient0": 1.7990982619882603, "protrusion_cost_coefficient1": 0.06997238111603306, "deformation_cost_coefficient": 4.045996160841383, "dislikes_cost_coefficient": 1.3535237948196227e-05, "prohibit_unfeasible_after_feasible": 0}}, "vertices": [[58, 56], [45, 0], [0, 35]]}