{"bonuses": [], "meta": {"created_at": "2021/07/12 05:50:09", "elapsed_s": 116.284199, "git_commit": "2771c8ba8145eaa8035d5e86189de4ae37a4323d", "judge": {"dislikes": 291, "fit_in_hole": true, "gained_bonuses": [], "is_valid": true, "satisfy_stretch": true}, "solver": "OptunaAnnealingSolver", "parameters": {"initialize_pose_by_hole": 0, "T0": 1.2310264860373963, "T1": 0.02084076459836886, "single_small_change_max_delta": 2, "shift_max_delta": 2, "slight_rotate_max_deg": 4.260684473325972, "vote_pow": 3.4686809504726788, "slide_protrusion_max_delta": 1.1249361975303573, "single_small_change_probability": 0.18267132889877685, "slight_rotate_probability": 0.023438334122352904, "shift_probability": 0.9051624394073153, "hop_grid_probability": 0.12780462561078546, "flip_probability": 0.32525661011853857, "slide_protrusion_probability": 0.6876702935754266, "protrusion_cost_coefficient0": 0.5488685014915083, "protrusion_cost_coefficient1": 0.07921380210834995, "deformation_cost_coefficient": 29.256498761903394, "dislikes_cost_coefficient": 0.023913419040771867, "prohibit_unfeasible_after_feasible": 0}}, "vertices": [[16, 11], [12, 7], [26, 10], [41, 11], [18, 16], [56, 11], [70, 6], [72, 6], [32, 10], [65, 11], [66, 6], [16, 25], [66, 11], [71, 21], [69, 21], [23, 25], [63, 18], [65, 23], [7, 24], [30, 26], [74, 25], [12, 24], [61, 24], [29, 37], [46, 43], [45, 41], [48, 43], [28, 52], [50, 43], [61, 57], [63, 58], [50, 47], [48, 46], [59, 55], [52, 51], [58, 55], [49, 54], [18, 58], [29, 54]]}