{"bonuses": [], "meta": {"created_at": "2021/07/12 12:46:41", "elapsed_s": 89.526292, "git_commit": "2771c8ba8145eaa8035d5e86189de4ae37a4323d", "judge": {"dislikes": 248, "fit_in_hole": true, "gained_bonuses": [], "is_valid": true, "satisfy_stretch": true}, "solver": "OptunaAnnealingSolver", "parameters": {"initialize_pose_by_hole": 0, "T0": 1.1928580367511896, "T1": 0.02464081884052075, "single_small_change_max_delta": 2, "shift_max_delta": 2, "slight_rotate_max_deg": 3.720892948262416, "vote_pow": 4.232531170334142, "slide_protrusion_max_delta": 1.5382122154262226, "single_small_change_probability": 0.2444459845509784, "slight_rotate_probability": 0.02929778594634881, "shift_probability": 0.7166201650958356, "hop_grid_probability": 0.5265321823621626, "flip_probability": 0.4362868023957324, "slide_protrusion_probability": 0.5524844227038153, "protrusion_cost_coefficient0": 1.2557013579300476, "protrusion_cost_coefficient1": 0.0905133223657598, "deformation_cost_coefficient": 43.76494148650595, "dislikes_cost_coefficient": 0.07414311705277435, "prohibit_unfeasible_after_feasible": 0}}, "vertices": [[13, 10], [8, 7], [23, 11], [36, 11], [15, 15], [54, 10], [68, 6], [70, 6], [45, 11], [62, 13], [66, 10], [16, 25], [67, 12], [72, 24], [74, 25], [23, 23], [65, 20], [66, 25], [7, 24], [30, 20], [69, 22], [12, 24], [59, 24], [30, 33], [49, 52], [48, 50], [50, 45], [24, 49], [47, 48], [61, 59], [63, 60], [51, 49], [45, 55], [58, 58], [51, 54], [57, 58], [47, 54], [17, 59], [28, 57]]}