{"bonuses": [], "meta": {"created_at": "2021/07/12 00:14:13", "elapsed_s": 8.422979999999999, "git_commit": "2771c8ba8145eaa8035d5e86189de4ae37a4323d", "judge": {"dislikes": 2423, "fit_in_hole": true, "gained_bonuses": [], "is_valid": true, "satisfy_stretch": true}, "solver": "OptunaAnnealingSolver", "parameters": {"initialize_pose_by_hole": 0, "T0": 30.102800722398868, "T1": 0.06698869512648777, "single_small_change_max_delta": 1, "shift_max_delta": 1, "slight_rotate_max_deg": 1.6219232424268224, "vote_pow": 2.325958461160112, "slide_protrusion_max_delta": 1.1819419407580471, "single_small_change_probability": 0.3286001046448993, "slight_rotate_probability": 0.6613289336583728, "shift_probability": 0.11494551322938928, "hop_grid_probability": 0.5420829014060354, "flip_probability": 0.2678655910723754, "slide_protrusion_probability": 0.14113635063484964, "protrusion_cost_coefficient0": 0.18405554855385883, "protrusion_cost_coefficient1": 0.001338271806965581, "deformation_cost_coefficient": 36.84389030576845, "dislikes_cost_coefficient": 0.08886846218892276, "prohibit_unfeasible_after_feasible": 0}}, "vertices": [[20, 31], [5, 7], [5, 7], [33, 11]]}