{"bonuses":[],"meta":{"created_at":"2021/07/12 00:14:17","elapsed_s":9.675656,"git_commit":"2771c8ba8145eaa8035d5e86189de4ae37a4323d","judge":{"dislikes":3284,"fit_in_hole":true,"gained_bonuses":[],"is_valid":true,"satisfy_stretch":true},"parameters":{"T0":1.275695821070271,"T1":0.014754406105408353,"deformation_cost_coefficient":46.008922938466604,"dislikes_cost_coefficient":1.4631893759971559e-05,"flip_probability":0.7920426843356858,"hop_grid_probability":0.1170540656030018,"initialize_pose_by_hole":0,"prohibit_unfeasible_after_feasible":0,"protrusion_cost_coefficient0":0.2047398529249014,"protrusion_cost_coefficient1":0.06417732865432164,"shift_max_delta":3,"shift_probability":0.8543363315432718,"single_small_change_max_delta":2,"single_small_change_probability":0.9938193125236655,"slide_protrusion_max_delta":1.7862707778785445,"slide_protrusion_probability":0.5937826851992708,"slight_rotate_max_deg":3.70382536770516,"slight_rotate_probability":0.35832579917028806,"vote_pow":3.4587362463339346},"solver":"OptunaAnnealingSolver"},"vertices":[[10,32],[14,4],[38,28],[10,32]]}