{"bonuses":[],"meta":{"created_at":"2021/07/12 00:14:27","elapsed_s":10.701044999999999,"git_commit":"2771c8ba8145eaa8035d5e86189de4ae37a4323d","judge":{"dislikes":3114,"fit_in_hole":true,"gained_bonuses":[],"is_valid":true,"satisfy_stretch":true},"parameters":{"T0":16.559902876340992,"T1":0.01741798609887037,"deformation_cost_coefficient":7.069910475575657,"dislikes_cost_coefficient":0.000984679633885788,"flip_probability":0.37303960608390363,"hop_grid_probability":0.2617946997902607,"initialize_pose_by_hole":1,"prohibit_unfeasible_after_feasible":1,"protrusion_cost_coefficient0":0.6019641049261265,"protrusion_cost_coefficient1":0.0024515464331381896,"shift_max_delta":1,"shift_probability":0.979890016640909,"single_small_change_max_delta":1,"single_small_change_probability":0.9237999212827036,"slide_protrusion_max_delta":1.4001942904253941,"slide_protrusion_probability":0.7429580663466457,"slight_rotate_max_deg":4.47514686659793,"slight_rotate_probability":0.40818971996234665,"vote_pow":2.3897561075413853},"solver":"OptunaAnnealingSolver"},"vertices":[[31,14],[12,35],[12,35],[8,7]]}