{"bonuses": [], "meta": {"created_at": "2021/07/12 06:18:35", "elapsed_s": 85.74332799999999, "git_commit": "2771c8ba8145eaa8035d5e86189de4ae37a4323d", "judge": {"dislikes": 254, "fit_in_hole": true, "gained_bonuses": [], "is_valid": true, "satisfy_stretch": true}, "solver": "OptunaAnnealingSolver", "parameters": {"initialize_pose_by_hole": 1, "T0": 8.491549508906475, "T1": 0.011814402061184871, "single_small_change_max_delta": 1, "shift_max_delta": 3, "slight_rotate_max_deg": 2.163489353729526, "vote_pow": 4.378537780065173, "slide_protrusion_max_delta": 1.7336905517453418, "single_small_change_probability": 0.44235939662061186, "slight_rotate_probability": 0.7160722823831384, "shift_probability": 0.07449625095810342, "hop_grid_probability": 0.8077722256590284, "flip_probability": 0.07080355286177203, "slide_protrusion_probability": 0.9447929660561466, "protrusion_cost_coefficient0": 2.755687918253181, "protrusion_cost_coefficient1": 0.0016966013373580567, "deformation_cost_coefficient": 49.05609929193685, "dislikes_cost_coefficient": 0.008866172751070793, "prohibit_unfeasible_after_feasible": 0}}, "vertices": [[79, 7], [85, 26], [36, 70], [64, 24], [90, 85], [57, 18], [79, 75], [48, 69], [74, 68], [86, 68], [56, 56], [60, 46], [56, 37], [43, 24], [61, 61], [56, 40], [53, 44], [92, 58], [31, 16], [67, 53], [53, 54], [48, 52], [93, 46], [60, 56], [54, 47], [42, 48], [30, 31], [81, 47], [103, 50], [57, 71], [99, 65], [50, 78], [62, 82], [33, 45], [49, 107], [16, 55]]}