{"bonuses": [], "meta": {"created_at": "2021/07/12 00:14:47", "elapsed_s": 6.584941, "git_commit": "2771c8ba8145eaa8035d5e86189de4ae37a4323d", "judge": {"dislikes": 1937, "fit_in_hole": true, "gained_bonuses": [], "is_valid": true, "satisfy_stretch": true}, "solver": "OptunaAnnealingSolver", "parameters": {"initialize_pose_by_hole": 0, "T0": 4.283940900248542, "T1": 0.0011174173089887884, "single_small_change_max_delta": 2, "shift_max_delta": 3, "slight_rotate_max_deg": 1.9035756588269916, "vote_pow": 4.590220608871628, "slide_protrusion_max_delta": 2.95895115137012, "single_small_change_probability": 0.6372107010769565, "slight_rotate_probability": 0.01711209653192558, "shift_probability": 0.08399723073109955, "hop_grid_probability": 0.21936148676173828, "flip_probability": 0.6590356610955396, "slide_protrusion_probability": 0.5928263791187626, "protrusion_cost_coefficient0": 2.1161808151782897, "protrusion_cost_coefficient1": 0.06500450035785071, "deformation_cost_coefficient": 2.6463979531379476, "dislikes_cost_coefficient": 0.0002358329874427777, "prohibit_unfeasible_after_feasible": 0}}, "vertices": [[10, 42], [14, 14], [14, 14], [34, 34], [38, 5]]}