{"bonuses": [], "meta": {"created_at": "2021/07/12 01:02:58", "elapsed_s": 10.218883, "git_commit": "2771c8ba8145eaa8035d5e86189de4ae37a4323d", "judge": {"dislikes": 1957, "fit_in_hole": true, "gained_bonuses": [], "is_valid": true, "satisfy_stretch": true}, "solver": "OptunaAnnealingSolver", "parameters": {"initialize_pose_by_hole": 0, "T0": 41.706153412780296, "T1": 0.008445565523167803, "single_small_change_max_delta": 2, "shift_max_delta": 1, "slight_rotate_max_deg": 4.790985948516613, "vote_pow": 4.992396131661891, "slide_protrusion_max_delta": 1.6134259337522368, "single_small_change_probability": 0.9143683433179342, "slight_rotate_probability": 0.5799813092462205, "shift_probability": 0.2490577006952861, "hop_grid_probability": 0.45633546993847374, "flip_probability": 0.5200617706585146, "slide_protrusion_probability": 0.5180984856548906, "protrusion_cost_coefficient0": 3.7198205353514093, "protrusion_cost_coefficient1": 0.008622003520455918, "deformation_cost_coefficient": 2.5307667220926806, "dislikes_cost_coefficient": 9.411734580195828e-05, "prohibit_unfeasible_after_feasible": 0}}, "vertices": [[24, 18], [8, 0], [21, 41], [21, 19], [0, 30]]}