{"bonuses": [], "meta": {"created_at": "2021/07/12 00:17:13", "elapsed_s": 13.637628999999999, "git_commit": "2771c8ba8145eaa8035d5e86189de4ae37a4323d", "judge": {"dislikes": 2362, "fit_in_hole": true, "gained_bonuses": [], "is_valid": true, "satisfy_stretch": true}, "solver": "OptunaAnnealingSolver", "parameters": {"initialize_pose_by_hole": 1, "T0": 33.378933111451765, "T1": 0.001095025121388991, "single_small_change_max_delta": 3, "shift_max_delta": 1, "slight_rotate_max_deg": 3.1059643623042303, "vote_pow": 1.6812819697865375, "slide_protrusion_max_delta": 2.1652387022877946, "single_small_change_probability": 0.14779204908624055, "slight_rotate_probability": 0.7031132204962843, "shift_probability": 0.13304054600550963, "hop_grid_probability": 0.44141688722674643, "flip_probability": 0.06081411942200032, "slide_protrusion_probability": 0.8285374480847724, "protrusion_cost_coefficient0": 4.846895747107421, "protrusion_cost_coefficient1": 0.0033493259308630735, "deformation_cost_coefficient": 19.98200981019716, "dislikes_cost_coefficient": 0.0045295408138436195, "prohibit_unfeasible_after_feasible": 1}}, "vertices": [[0, 71], [2, 0], [2, 34], [32, 17], [33, 52]]}