{"bonuses": [], "meta": {"created_at": "2021/07/12 00:21:07", "elapsed_s": 9.487886999999999, "git_commit": "2771c8ba8145eaa8035d5e86189de4ae37a4323d", "judge": {"dislikes": 1444, "fit_in_hole": true, "gained_bonuses": [], "is_valid": true, "satisfy_stretch": true}, "solver": "OptunaAnnealingSolver", "parameters": {"initialize_pose_by_hole": 0, "T0": 3.284944218667121, "T1": 0.02918762063270486, "single_small_change_max_delta": 2, "shift_max_delta": 1, "slight_rotate_max_deg": 1.5292506830441508, "vote_pow": 4.08538950482253, "slide_protrusion_max_delta": 2.584274941088432, "single_small_change_probability": 0.120310832541482, "slight_rotate_probability": 0.35529575038139105, "shift_probability": 0.5806678175959794, "hop_grid_probability": 0.6099783330216607, "flip_probability": 0.7976075949398467, "slide_protrusion_probability": 0.5476145430021988, "protrusion_cost_coefficient0": 0.39029789047973995, "protrusion_cost_coefficient1": 0.006561851693441796, "deformation_cost_coefficient": 2.5681803207305585, "dislikes_cost_coefficient": 0.003860272692459343, "prohibit_unfeasible_after_feasible": 0}}, "vertices": [[8, 8], [21, 28], [30, 15], [20, 5], [9, 26]]}