{"bonuses": [], "meta": {"created_at": "2021/07/12 00:15:46", "elapsed_s": 11.427109999999999, "git_commit": "2771c8ba8145eaa8035d5e86189de4ae37a4323d", "judge": {"dislikes": 2275, "fit_in_hole": true, "gained_bonuses": [], "is_valid": true, "satisfy_stretch": true}, "solver": "OptunaAnnealingSolver", "parameters": {"initialize_pose_by_hole": 0, "T0": 14.388642975757914, "T1": 0.0037317101978357097, "single_small_change_max_delta": 1, "shift_max_delta": 2, "slight_rotate_max_deg": 3.260435507488741, "vote_pow": 4.905444316020118, "slide_protrusion_max_delta": 1.173743516475166, "single_small_change_probability": 0.13310686619682643, "slight_rotate_probability": 0.8712024935788174, "shift_probability": 0.06677794437184792, "hop_grid_probability": 0.6492420765209916, "flip_probability": 0.12884449602555592, "slide_protrusion_probability": 0.5246656149584406, "protrusion_cost_coefficient0": 0.36166338322293046, "protrusion_cost_coefficient1": 0.01139716695009163, "deformation_cost_coefficient": 4.320988123088233, "dislikes_cost_coefficient": 0.0022188278898226015, "prohibit_unfeasible_after_feasible": 0}}, "vertices": [[2, 12], [28, 3], [22, 31], [22, 31], [42, 11], [49, 38]]}