{"bonuses": [], "meta": {"created_at": "2021/07/12 13:29:41", "elapsed_s": 91.138415, "git_commit": "2771c8ba8145eaa8035d5e86189de4ae37a4323d", "judge": {"dislikes": 8, "fit_in_hole": true, "gained_bonuses": [], "is_valid": true, "satisfy_stretch": true}, "solver": "OptunaAnnealingSolver", "parameters": {"initialize_pose_by_hole": 0, "T0": 2.8221531121787042, "T1": 0.038382686295503225, "single_small_change_max_delta": 2, "shift_max_delta": 3, "slight_rotate_max_deg": 2.2637668245306073, "vote_pow": 4.443025736364027, "slide_protrusion_max_delta": 2.5464165551227245, "single_small_change_probability": 0.6726134511404501, "slight_rotate_probability": 0.09665739608416485, "shift_probability": 0.35131279050701325, "hop_grid_probability": 0.8236586741284038, "flip_probability": 0.1708476482629396, "slide_protrusion_probability": 0.18844570921923576, "protrusion_cost_coefficient0": 0.8187170952188003, "protrusion_cost_coefficient1": 0.006843523206239232, "deformation_cost_coefficient": 16.172293421514688, "dislikes_cost_coefficient": 0.05132544868820264, "prohibit_unfeasible_after_feasible": 0}}, "vertices": [[7, 28], [10, 44], [32, 61], [6, 21], [6, 50], [42, 77], [6, 6], [20, 45], [24, 42], [32, 74], [30, 70], [31, 90], [36, 69], [35, 74], [55, 16], [65, 25], [66, 15], [38, 74], [38, 70], [50, 95], [40, 67], [45, 67], [55, 78], [50, 21], [48, 63], [53, 61], [34, 15], [56, 31], [52, 34], [52, 69], [47, 57], [70, 90], [54, 64], [45, 61], [95, 50], [55, 57], [52, 61], [70, 71], [78, 28], [73, 30], [65, 54], [95, 6], [65, 37]]}