{"bonuses":[],"meta":{"created_at":"2021/07/12 03:02:04","elapsed_s":63.556174999999996,"git_commit":"2771c8ba8145eaa8035d5e86189de4ae37a4323d","judge":{"dislikes":9,"fit_in_hole":true,"gained_bonuses":[],"is_valid":true,"satisfy_stretch":true},"parameters":{"T0":4.697240285769906,"T1":0.01276656746065653,"deformation_cost_coefficient":10.714715181797356,"dislikes_cost_coefficient":0.04361437274141766,"flip_probability":0.9592733827430615,"hop_grid_probability":0.09769993784297909,"initialize_pose_by_hole":0,"prohibit_unfeasible_after_feasible":0,"protrusion_cost_coefficient0":0.38171882885962005,"protrusion_cost_coefficient1":0.0077908703676784,"shift_max_delta":3,"shift_probability":0.2945272080521175,"single_small_change_max_delta":2,"single_small_change_probability":0.6245835905693126,"slide_protrusion_max_delta":1.1939766993665881,"slide_protrusion_probability":0.9661358771265534,"slight_rotate_max_deg":1.872440324387639,"slight_rotate_probability":0.24650185052211998,"vote_pow":4.559096379895362},"solver":"OptunaAnnealingSolver"},"vertices":[[81,18],[66,15],[95,50],[88,20],[67,22],[80,57],[95,6],[73,36],[77,39],[71,59],[67,62],[68,71],[67,65],[72,66],[6,6],[21,12],[26,20],[62,67],[70,70],[70,90],[59,73],[64,72],[56,80],[35,16],[51,69],[47,66],[20,20],[44,23],[49,24],[50,62],[46,59],[50,95],[45,63],[49,63],[6,50],[39,65],[43,67],[31,90],[35,47],[37,42],[31,71],[16,25],[36,52]]}