{"bonuses":[],"meta":{"created_at":"2021/07/12 09:51:38","elapsed_s":21.445097,"git_commit":"2771c8ba8145eaa8035d5e86189de4ae37a4323d","judge":{"dislikes":3768,"fit_in_hole":true,"gained_bonuses":[],"is_valid":true,"satisfy_stretch":true},"parameters":{"T0":1.4102738153375676,"T1":0.073494301877403,"deformation_cost_coefficient":73.36178285153235,"dislikes_cost_coefficient":8.252485336122198e-05,"flip_probability":0.572332272524137,"hop_grid_probability":0.7395633733937426,"initialize_pose_by_hole":0,"prohibit_unfeasible_after_feasible":0,"protrusion_cost_coefficient0":2.6433047421861806,"protrusion_cost_coefficient1":0.06812795749915027,"shift_max_delta":3,"shift_probability":0.22954962780485333,"single_small_change_max_delta":1,"single_small_change_probability":0.978956893618629,"slide_protrusion_max_delta":2.420258448561815,"slide_protrusion_probability":0.7104467214488317,"slight_rotate_max_deg":3.0618440737476957,"slight_rotate_probability":0.5451426254303421,"vote_pow":3.1324513035506842},"solver":"OptunaAnnealingSolver"},"vertices":[[0,5],[16,33],[16,67],[32,0],[46,50],[64,19]]}