{"bonuses": [], "meta": {"created_at": "2021/07/12 01:59:54", "elapsed_s": 18.911441, "git_commit": "2771c8ba8145eaa8035d5e86189de4ae37a4323d", "judge": {"dislikes": 5282, "fit_in_hole": true, "gained_bonuses": [], "is_valid": true, "satisfy_stretch": true}, "solver": "OptunaAnnealingSolver", "parameters": {"initialize_pose_by_hole": 1, "T0": 50.998341419239146, "T1": 0.04393605127724696, "single_small_change_max_delta": 1, "shift_max_delta": 3, "slight_rotate_max_deg": 3.3290668899433014, "vote_pow": 3.584171797255448, "slide_protrusion_max_delta": 1.9322116403409741, "single_small_change_probability": 0.3485483436434069, "slight_rotate_probability": 0.5190936706953161, "shift_probability": 0.8970047576378324, "hop_grid_probability": 0.7667471884147824, "flip_probability": 0.45071086280766404, "slide_protrusion_probability": 0.6603181244204039, "protrusion_cost_coefficient0": 5.987067467034678, "protrusion_cost_coefficient1": 0.05420645926659465, "deformation_cost_coefficient": 1.7599844170358663, "dislikes_cost_coefficient": 0.0003314500514079428, "prohibit_unfeasible_after_feasible": 0}}, "vertices": [[20, 2], [15, 34], [26, 66], [48, 18], [49, 40], [14, 33]]}