{"bonuses":[],"meta":{"created_at":"2021/07/12 00:48:32","elapsed_s":34.779123999999996,"git_commit":"2771c8ba8145eaa8035d5e86189de4ae37a4323d","judge":{"dislikes":1655,"fit_in_hole":true,"gained_bonuses":[],"is_valid":true,"satisfy_stretch":true},"parameters":{"T0":23.946085319136866,"T1":0.0062772316590755505,"deformation_cost_coefficient":43.48986963084044,"dislikes_cost_coefficient":0.06555971317153977,"flip_probability":0.10864466469680742,"hop_grid_probability":0.8063729264855715,"initialize_pose_by_hole":1,"prohibit_unfeasible_after_feasible":0,"protrusion_cost_coefficient0":1.5768044059860788,"protrusion_cost_coefficient1":0.006333680108437847,"shift_max_delta":2,"shift_probability":0.043130460657227435,"single_small_change_max_delta":1,"single_small_change_probability":0.9325812789617869,"slide_protrusion_max_delta":2.2557419015063074,"slide_protrusion_probability":0.19418995821404364,"slight_rotate_max_deg":1.9631804607499659,"slight_rotate_probability":0.7171916504289051,"vote_pow":2.4999845326406134},"solver":"OptunaAnnealingSolver"},"vertices":[[35,52],[52,35],[13,46],[41,14],[19,23],[13,7],[35,4]]}