{"bonuses":[],"meta":{"created_at":"2021/07/12 04:31:57","elapsed_s":38.481994,"git_commit":"2771c8ba8145eaa8035d5e86189de4ae37a4323d","judge":{"dislikes":8747,"fit_in_hole":true,"gained_bonuses":[],"is_valid":true,"satisfy_stretch":true},"parameters":{"T0":83.55546102512588,"T1":0.008531987145381078,"deformation_cost_coefficient":88.68093560725443,"dislikes_cost_coefficient":0.00010685036856740936,"flip_probability":0.34310071203206977,"hop_grid_probability":0.8312716721057455,"initialize_pose_by_hole":0,"prohibit_unfeasible_after_feasible":0,"protrusion_cost_coefficient0":0.2875197675403673,"protrusion_cost_coefficient1":0.0060271340918133555,"shift_max_delta":1,"shift_probability":0.18797478829847594,"single_small_change_max_delta":1,"single_small_change_probability":0.5884324638650539,"slide_protrusion_max_delta":2.4620557859943077,"slide_protrusion_probability":0.15388063215279862,"slight_rotate_max_deg":1.4981001315075653,"slight_rotate_probability":0.4585951788566086,"vote_pow":4.665807826561124},"solver":"OptunaAnnealingSolver"},"vertices":[[3,79],[11,46],[16,13],[36,70],[18,46],[49,38]]}