{"bonuses":[],"meta":{"created_at":"2021/07/12 00:44:32","elapsed_s":35.489258,"git_commit":"2771c8ba8145eaa8035d5e86189de4ae37a4323d","judge":{"dislikes":6418,"fit_in_hole":true,"gained_bonuses":[],"is_valid":true,"satisfy_stretch":true},"parameters":{"T0":2.519259152047047,"T1":0.024118206877833465,"deformation_cost_coefficient":4.144824397206884,"dislikes_cost_coefficient":0.00043650479080875306,"flip_probability":0.8162304711617081,"hop_grid_probability":0.11116803678323425,"initialize_pose_by_hole":0,"prohibit_unfeasible_after_feasible":0,"protrusion_cost_coefficient0":0.21543626619211073,"protrusion_cost_coefficient1":0.05715308337296764,"shift_max_delta":3,"shift_probability":0.5505369555602658,"single_small_change_max_delta":2,"single_small_change_probability":0.5415796478612205,"slide_protrusion_max_delta":2.976452164916691,"slide_protrusion_probability":0.2007087210193944,"slight_rotate_max_deg":2.68957144437687,"slight_rotate_probability":0.8060850142032701,"vote_pow":4.365568461024805},"solver":"OptunaAnnealingSolver"},"vertices":[[11,26],[19,59],[35,24],[44,35],[46,61],[9,50]]}