{"bonuses":[],"meta":{"created_at":"2021/07/12 02:43:36","elapsed_s":33.328082,"git_commit":"2771c8ba8145eaa8035d5e86189de4ae37a4323d","judge":{"dislikes":3617,"fit_in_hole":true,"gained_bonuses":[],"is_valid":true,"satisfy_stretch":true},"parameters":{"T0":29.392658335428436,"T1":0.0021490748461221844,"deformation_cost_coefficient":1.1435985196873888,"dislikes_cost_coefficient":0.0005929807941278426,"flip_probability":0.12149746368242104,"hop_grid_probability":0.8227363528535525,"initialize_pose_by_hole":0,"prohibit_unfeasible_after_feasible":0,"protrusion_cost_coefficient0":1.525889581775653,"protrusion_cost_coefficient1":0.004134470519759304,"shift_max_delta":2,"shift_probability":0.13135851632090523,"single_small_change_max_delta":2,"single_small_change_probability":0.6097235988349671,"slide_protrusion_max_delta":2.7014553623248143,"slide_protrusion_probability":0.7593763083090846,"slight_rotate_max_deg":2.102415901349245,"slight_rotate_probability":0.42146968177449295,"vote_pow":4.7465498543956},"solver":"OptunaAnnealingSolver"},"vertices":[[1,14],[24,32],[28,3],[29,60],[51,42],[51,42],[60,12],[70,63]]}