{"bonuses":[],"meta":{"created_at":"2021/07/12 19:40:33","elapsed_s":130.87963399999998,"git_commit":"63357edf0d76917e612009513db2af8ef7bd275f","judge":{"dislikes":136,"fit_in_hole":true,"gained_bonuses":[],"is_valid":true,"satisfy_stretch":true},"parameters":{"T0":1.4213570587668825,"T1":0.02683533242014848,"deformation_cost_coefficient":8.858566160410286,"dislikes_cost_coefficient":0.09955554476694194,"flip_probability":0.14611212685478164,"hop_grid_probability":0.46394287562111935,"initialize_pose_by_hole":0,"prohibit_unfeasible_after_feasible":0,"protrusion_cost_coefficient0":2.8150881372509473,"protrusion_cost_coefficient1":0.00471302964857283,"shift_max_delta":2,"shift_probability":0.29987288339789864,"single_small_change_max_delta":1,"single_small_change_probability":0.8019053997457644,"slide_protrusion_max_delta":2.166318361257185,"slide_protrusion_probability":0.011427996319810866,"slight_rotate_max_deg":4.846321911069233,"slight_rotate_probability":0.9192345576767011,"vote_pow":8.625153684636413},"solver":"OptunaAnnealingSolver"},"vertices":[[42,17],[44,14],[46,17],[39,36],[37,27],[60,17],[59,13],[46,36],[59,21],[30,30],[13,61],[46,41],[56,31],[27,52],[10,69],[21,65],[64,34],[65,30],[37,54],[18,72],[67,32],[70,28],[41,64],[41,72],[41,81],[72,45],[76,50],[72,48],[71,51],[55,72],[61,64],[51,80],[69,56],[75,57],[76,62],[67,63],[64,74],[72,66],[61,82],[94,60],[80,71],[83,75],[84,71],[93,65],[98,69]]}