{"bonuses":[],"meta":{"created_at":"2021/07/12 06:54:57","elapsed_s":130.844626,"git_commit":"2771c8ba8145eaa8035d5e86189de4ae37a4323d","judge":{"dislikes":149,"fit_in_hole":true,"gained_bonuses":[],"is_valid":true,"satisfy_stretch":true},"parameters":{"T0":2.594605935187131,"T1":0.020137695705697282,"deformation_cost_coefficient":85.89023626767406,"dislikes_cost_coefficient":0.02939036129836846,"flip_probability":0.012351523355046624,"hop_grid_probability":0.38766106812590734,"initialize_pose_by_hole":0,"prohibit_unfeasible_after_feasible":0,"protrusion_cost_coefficient0":0.11110683622298133,"protrusion_cost_coefficient1":0.007315331089420087,"shift_max_delta":2,"shift_probability":0.5023454503740538,"single_small_change_max_delta":1,"single_small_change_probability":0.9341628128876246,"slide_protrusion_max_delta":1.128285732076453,"slide_protrusion_probability":0.5666064032458096,"slight_rotate_max_deg":4.329619623549847,"slight_rotate_probability":0.7761432923869942,"vote_pow":4.254614735290267},"solver":"OptunaAnnealingSolver"},"vertices":[[79,54],[82,56],[79,58],[86,65],[96,66],[76,79],[80,78],[65,51],[72,79],[94,58],[58,12],[60,50],[65,63],[71,28],[49,12],[59,21],[62,70],[64,73],[65,35],[52,20],[60,73],[62,78],[57,41],[51,45],[43,45],[47,71],[42,68],[44,71],[43,74],[35,37],[32,53],[44,35],[39,63],[41,81],[46,79],[26,52],[31,29],[29,57],[39,28],[17,75],[19,58],[16,62],[15,58],[14,70],[8,71]]}