{"bonuses":[],"meta":{"created_at":"2021/07/12 13:04:59","elapsed_s":89.101227,"git_commit":"2771c8ba8145eaa8035d5e86189de4ae37a4323d","judge":{"dislikes":137,"fit_in_hole":true,"gained_bonuses":[],"is_valid":true,"satisfy_stretch":true},"parameters":{"T0":5.252951077191241,"T1":0.011650035937845032,"deformation_cost_coefficient":22.56549016534872,"dislikes_cost_coefficient":0.039179990723844454,"flip_probability":0.27035410686408695,"hop_grid_probability":0.33451070791944754,"initialize_pose_by_hole":0,"prohibit_unfeasible_after_feasible":0,"protrusion_cost_coefficient0":0.19659729504572812,"protrusion_cost_coefficient1":0.0013155236255275652,"shift_max_delta":2,"shift_probability":0.6861428271445942,"single_small_change_max_delta":1,"single_small_change_probability":0.44067238812663856,"slide_protrusion_max_delta":1.4466657121372846,"slide_protrusion_probability":0.6139069611844749,"slight_rotate_max_deg":4.8233031866053215,"slight_rotate_probability":0.8558679382677827,"vote_pow":4.454954211962795},"solver":"OptunaAnnealingSolver"},"vertices":[[36,29],[38,26],[40,29],[46,12],[53,19],[73,29],[69,30],[40,43],[69,31],[57,12],[12,62],[41,48],[51,41],[25,52],[8,70],[19,65],[59,40],[62,38],[31,59],[17,72],[62,38],[57,40],[35,68],[41,74],[42,82],[64,51],[66,45],[67,51],[64,50],[62,82],[62,70],[52,82],[64,59],[71,51],[76,50],[67,67],[54,82],[72,67],[55,74],[98,69],[79,72],[82,76],[83,72],[93,66],[94,60]]}