{"bonuses": [], "meta": {"created_at": "2021/07/12 20:31:48", "elapsed_s": 104.368291, "git_commit": "63357edf0d76917e612009513db2af8ef7bd275f", "judge": {"dislikes": 133, "fit_in_hole": true, "gained_bonuses": [], "is_valid": true, "satisfy_stretch": true}, "solver": "OptunaAnnealingSolver", "parameters": {"initialize_pose_by_hole": 0, "T0": 1.0010554821527122, "T1": 0.03016422337703503, "single_small_change_max_delta": 1, "shift_max_delta": 2, "slight_rotate_max_deg": 4.993310530688491, "vote_pow": 8.487546355391844, "slide_protrusion_max_delta": 1.9751999625586305, "single_small_change_probability": 0.7987617429256709, "slight_rotate_probability": 0.9746377858005114, "shift_probability": 0.26087849175664785, "hop_grid_probability": 0.48519732278082006, "flip_probability": 0.09676817575910567, "slide_protrusion_probability": 0.026912341337573066, "protrusion_cost_coefficient0": 3.988948766760269, "protrusion_cost_coefficient1": 0.004387000895916603, "deformation_cost_coefficient": 5.852475670023842, "dislikes_cost_coefficient": 0.0743830189097961, "prohibit_unfeasible_after_feasible": 0}}, "vertices": [[46, 18], [43, 16], [46, 14], [38, 34], [31, 28], [57, 17], [58, 13], [45, 35], [61, 17], [38, 23], [13, 61], [45, 40], [54, 29], [26, 52], [9, 69], [20, 65], [62, 29], [64, 26], [36, 53], [17, 72], [65, 31], [69, 28], [39, 63], [42, 71], [42, 80], [67, 45], [69, 40], [68, 48], [67, 45], [58, 72], [63, 67], [52, 80], [70, 57], [74, 46], [77, 50], [69, 68], [66, 73], [74, 68], [62, 81], [94, 60], [82, 72], [84, 76], [86, 72], [93, 65], [98, 69]]}