{"bonuses":[],"meta":{"created_at":"2021/07/12 01:56:05","elapsed_s":29.678742,"git_commit":"2771c8ba8145eaa8035d5e86189de4ae37a4323d","judge":{"dislikes":3564,"fit_in_hole":true,"gained_bonuses":[],"is_valid":true,"satisfy_stretch":true},"parameters":{"T0":56.654488718281144,"T1":0.018228666484307054,"deformation_cost_coefficient":15.000283353499265,"dislikes_cost_coefficient":5.728924747598554e-06,"flip_probability":0.42887048100449676,"hop_grid_probability":0.47983112536368266,"initialize_pose_by_hole":1,"prohibit_unfeasible_after_feasible":0,"protrusion_cost_coefficient0":5.753362690323537,"protrusion_cost_coefficient1":0.0024184200657243987,"shift_max_delta":2,"shift_probability":0.025678955944311545,"single_small_change_max_delta":1,"single_small_change_probability":0.3676262266305111,"slide_protrusion_max_delta":1.3716288178096154,"slide_protrusion_probability":0.4655119128529323,"slight_rotate_max_deg":3.7980991714598957,"slight_rotate_probability":0.684876508448445,"vote_pow":4.540327716518148},"solver":"OptunaAnnealingSolver"},"vertices":[[37,7],[12,87],[15,61],[22,31],[9,9],[34,74],[37,7],[48,28],[41,51]]}