{"bonuses": [], "meta": {"created_at": "2021/07/12 13:15:47", "elapsed_s": 27.520858999999998, "git_commit": "2771c8ba8145eaa8035d5e86189de4ae37a4323d", "judge": {"dislikes": 3299, "fit_in_hole": true, "gained_bonuses": [], "is_valid": true, "satisfy_stretch": true}, "solver": "OptunaAnnealingSolver", "parameters": {"initialize_pose_by_hole": 1, "T0": 1.0090526720884085, "T1": 0.037086625315585584, "single_small_change_max_delta": 2, "shift_max_delta": 2, "slight_rotate_max_deg": 3.7293703340636606, "vote_pow": 4.489996643549147, "slide_protrusion_max_delta": 1.5012373161226198, "single_small_change_probability": 0.4512897953277978, "slight_rotate_probability": 0.5137020611630583, "shift_probability": 0.11507904191839927, "hop_grid_probability": 0.4157640728398773, "flip_probability": 0.031238878923791975, "slide_protrusion_probability": 0.7631756742909263, "protrusion_cost_coefficient0": 9.959255979433177, "protrusion_cost_coefficient1": 0.08193314230423616, "deformation_cost_coefficient": 3.8746325728514166, "dislikes_cost_coefficient": 0.001378659869206078, "prohibit_unfeasible_after_feasible": 0}}, "vertices": [[36, 12], [11, 90], [9, 64], [21, 36], [8, 9], [30, 73], [36, 12], [47, 33], [48, 57]]}