{"bonuses": [], "meta": {"created_at": "2021/07/12 10:10:25", "elapsed_s": 26.921131, "git_commit": "2771c8ba8145eaa8035d5e86189de4ae37a4323d", "judge": {"dislikes": 3021, "fit_in_hole": true, "gained_bonuses": [], "is_valid": true, "satisfy_stretch": true}, "solver": "OptunaAnnealingSolver", "parameters": {"initialize_pose_by_hole": 0, "T0": 1.0168930612003815, "T1": 0.05058982083915607, "single_small_change_max_delta": 3, "shift_max_delta": 3, "slight_rotate_max_deg": 2.5402867376044544, "vote_pow": 4.518947119176572, "slide_protrusion_max_delta": 1.8767750013638234, "single_small_change_probability": 0.04233459133752655, "slight_rotate_probability": 0.2572464899467266, "shift_probability": 0.8068612228906111, "hop_grid_probability": 0.2811050188773759, "flip_probability": 0.3416480628547973, "slide_protrusion_probability": 0.5513463641532592, "protrusion_cost_coefficient0": 1.7192510109161945, "protrusion_cost_coefficient1": 0.06702845947565882, "deformation_cost_coefficient": 2.9686684876562017, "dislikes_cost_coefficient": 0.0023815508344791707, "prohibit_unfeasible_after_feasible": 0}}, "vertices": [[63, 66], [35, 62], [35, 62], [49, 3], [40, 88], [40, 34], [22, 66], [20, 68], [17, 12], [12, 46], [6, 91]]}