{"bonuses": [], "meta": {"created_at": "2021/07/12 07:06:03", "elapsed_s": 31.362948, "git_commit": "2771c8ba8145eaa8035d5e86189de4ae37a4323d", "judge": {"dislikes": 3063, "fit_in_hole": true, "gained_bonuses": [], "is_valid": true, "satisfy_stretch": true}, "solver": "OptunaAnnealingSolver", "parameters": {"initialize_pose_by_hole": 0, "T0": 2.0714773731156373, "T1": 0.026994765627808216, "single_small_change_max_delta": 3, "shift_max_delta": 3, "slight_rotate_max_deg": 2.9791772706659634, "vote_pow": 4.527003383268849, "slide_protrusion_max_delta": 1.873230205965161, "single_small_change_probability": 0.8799270377753683, "slight_rotate_probability": 0.24790414196392058, "shift_probability": 0.8296220753212293, "hop_grid_probability": 0.3497710003509774, "flip_probability": 0.15380975178475984, "slide_protrusion_probability": 0.2996006302416336, "protrusion_cost_coefficient0": 2.022133639604125, "protrusion_cost_coefficient1": 0.06508511621786386, "deformation_cost_coefficient": 5.341193415792944, "dislikes_cost_coefficient": 0.0012975575049447281, "prohibit_unfeasible_after_feasible": 0}}, "vertices": [[62, 66], [34, 62], [34, 62], [48, 3], [40, 88], [39, 34], [23, 65], [21, 67], [16, 12], [11, 46], [7, 90]]}