{"bonuses":[],"meta":{"created_at":"2021/07/12 14:29:42","elapsed_s":42.233016,"git_commit":"2771c8ba8145eaa8035d5e86189de4ae37a4323d","judge":{"dislikes":4640,"fit_in_hole":true,"gained_bonuses":[],"is_valid":true,"satisfy_stretch":true},"parameters":{"T0":2.5122969020516863,"T1":0.08273073152890185,"deformation_cost_coefficient":12.690038135116975,"dislikes_cost_coefficient":0.0022104547982602306,"flip_probability":0.56390569932751,"hop_grid_probability":0.20692210818396434,"initialize_pose_by_hole":0,"prohibit_unfeasible_after_feasible":0,"protrusion_cost_coefficient0":0.5048247031539534,"protrusion_cost_coefficient1":0.06032392947529699,"shift_max_delta":1,"shift_probability":0.29151606324747514,"single_small_change_max_delta":3,"single_small_change_probability":0.9763799783706139,"slide_protrusion_max_delta":2.2933011439283923,"slide_protrusion_probability":0.7283277638554897,"slight_rotate_max_deg":4.798718924050295,"slight_rotate_probability":0.5447628469034035,"vote_pow":2.9176977271964217},"solver":"OptunaAnnealingSolver"},"vertices":[[16,24],[48,9],[4,58],[90,47],[56,45],[35,73],[82,80],[71,76],[70,69],[58,106],[92,97],[53,102]]}