{"bonuses": [], "meta": {"created_at": "2021/07/12 20:36:42", "elapsed_s": 38.571244, "git_commit": "63357edf0d76917e612009513db2af8ef7bd275f", "judge": {"dislikes": 4637, "fit_in_hole": true, "gained_bonuses": [], "is_valid": true, "satisfy_stretch": true}, "solver": "OptunaAnnealingSolver", "parameters": {"initialize_pose_by_hole": 0, "T0": 4.23819701687792, "T1": 0.08407674482912693, "single_small_change_max_delta": 3, "shift_max_delta": 2, "slight_rotate_max_deg": 4.139352826926884, "vote_pow": 8.002602968231123, "slide_protrusion_max_delta": 2.966328187669733, "single_small_change_probability": 0.9253003163570949, "slight_rotate_probability": 0.9610335604748927, "shift_probability": 0.26534761965993225, "hop_grid_probability": 0.318499579004218, "flip_probability": 0.32697962711448486, "slide_protrusion_probability": 0.6824060073333251, "protrusion_cost_coefficient0": 0.5941550196235743, "protrusion_cost_coefficient1": 0.08134259983593821, "deformation_cost_coefficient": 4.7109731726545485, "dislikes_cost_coefficient": 0.0019135773775735877, "prohibit_unfeasible_after_feasible": 0}}, "vertices": [[15, 23], [47, 9], [4, 58], [90, 47], [56, 45], [35, 73], [81, 80], [71, 76], [70, 69], [59, 108], [92, 97], [53, 102]]}