{"bonuses": [], "meta": {"created_at": "2021/07/12 09:04:26", "elapsed_s": 38.837447999999995, "git_commit": "2771c8ba8145eaa8035d5e86189de4ae37a4323d", "judge": {"dislikes": 5005, "fit_in_hole": true, "gained_bonuses": [], "is_valid": true, "satisfy_stretch": true}, "solver": "OptunaAnnealingSolver", "parameters": {"initialize_pose_by_hole": 0, "T0": 1.8081713793336074, "T1": 0.06192551973426224, "single_small_change_max_delta": 1, "shift_max_delta": 1, "slight_rotate_max_deg": 4.647208434666847, "vote_pow": 2.804068297513224, "slide_protrusion_max_delta": 2.149147714437583, "single_small_change_probability": 0.8908843796029761, "slight_rotate_probability": 0.8733916189841179, "shift_probability": 0.35335160126639253, "hop_grid_probability": 0.10657544968885269, "flip_probability": 0.6053822243277268, "slide_protrusion_probability": 0.6830572234624517, "protrusion_cost_coefficient0": 0.39110154867970415, "protrusion_cost_coefficient1": 0.06359504345933482, "deformation_cost_coefficient": 11.482045840989928, "dislikes_cost_coefficient": 0.0028669867420421215, "prohibit_unfeasible_after_feasible": 0}}, "vertices": [[89, 95], [81, 61], [54, 106], [16, 32], [48, 44], [66, 74], [3, 64], [43, 10], [95, 54], [38, 66], [25, 34], [64, 33]]}