{"bonuses":[],"meta":{"created_at":"2021/07/12 07:10:48","elapsed_s":35.89369,"git_commit":"2771c8ba8145eaa8035d5e86189de4ae37a4323d","judge":{"dislikes":2319,"fit_in_hole":true,"gained_bonuses":[],"is_valid":true,"satisfy_stretch":true},"parameters":{"T0":2.3368063031635073,"T1":0.013921061145397174,"deformation_cost_coefficient":1.9107746006554565,"dislikes_cost_coefficient":0.0017241247017119776,"flip_probability":0.6653661186709572,"hop_grid_probability":0.8698668527410309,"initialize_pose_by_hole":0,"prohibit_unfeasible_after_feasible":0,"protrusion_cost_coefficient0":5.298296186533574,"protrusion_cost_coefficient1":0.07907469880729169,"shift_max_delta":1,"shift_probability":0.21860830978265955,"single_small_change_max_delta":3,"single_small_change_probability":0.4479321310193762,"slide_protrusion_max_delta":2.785930407145139,"slide_protrusion_probability":0.04860972292137793,"slight_rotate_max_deg":4.605607785236632,"slight_rotate_probability":0.8564026100672528,"vote_pow":3.401484829745519},"solver":"OptunaAnnealingSolver"},"vertices":[[3,30],[15,8],[31,22],[18,53],[45,7],[38,45],[61,24],[62,48],[79,10],[85,51],[93,29],[102,10]]}