{"bonuses": [], "meta": {"created_at": "2021/07/12 13:34:27", "elapsed_s": 32.593993999999995, "git_commit": "2771c8ba8145eaa8035d5e86189de4ae37a4323d", "judge": {"dislikes": 2203, "fit_in_hole": true, "gained_bonuses": [], "is_valid": true, "satisfy_stretch": true}, "solver": "OptunaAnnealingSolver", "parameters": {"initialize_pose_by_hole": 0, "T0": 1.5544680599450245, "T1": 0.012307573323208086, "single_small_change_max_delta": 3, "shift_max_delta": 1, "slight_rotate_max_deg": 4.48659921432337, "vote_pow": 3.4619231057012807, "slide_protrusion_max_delta": 2.911142469128677, "single_small_change_probability": 0.3344547108383439, "slight_rotate_probability": 0.9759458326357144, "shift_probability": 0.2008144664294324, "hop_grid_probability": 0.8247251483082454, "flip_probability": 0.6671460093784044, "slide_protrusion_probability": 0.07236480637817441, "protrusion_cost_coefficient0": 5.783405045659119, "protrusion_cost_coefficient1": 0.09149646526655364, "deformation_cost_coefficient": 1.0022317396843707, "dislikes_cost_coefficient": 0.0015133865579997283, "prohibit_unfeasible_after_feasible": 0}}, "vertices": [[98, 44], [90, 20], [69, 24], [74, 56], [54, 10], [56, 44], [42, 30], [33, 52], [25, 15], [10, 50], [5, 27], [4, 6]]}