{"bonuses": [], "meta": {"created_at": "2021/07/12 07:08:26", "elapsed_s": 138.146735, "git_commit": "2771c8ba8145eaa8035d5e86189de4ae37a4323d", "judge": {"dislikes": 5282, "fit_in_hole": true, "gained_bonuses": [], "is_valid": true, "satisfy_stretch": true}, "solver": "OptunaAnnealingSolver", "parameters": {"initialize_pose_by_hole": 1, "T0": 18.984773247641563, "T1": 0.01577237564386757, "single_small_change_max_delta": 2, "shift_max_delta": 1, "slight_rotate_max_deg": 1.7491415331030027, "vote_pow": 4.9912684514871355, "slide_protrusion_max_delta": 2.0502189359163165, "single_small_change_probability": 0.36223077920391655, "slight_rotate_probability": 0.284552122657722, "shift_probability": 0.359063740942539, "hop_grid_probability": 0.8260994385827655, "flip_probability": 0.2773807195822928, "slide_protrusion_probability": 0.20566096633996783, "protrusion_cost_coefficient0": 0.24362771356210824, "protrusion_cost_coefficient1": 0.003543567370150953, "deformation_cost_coefficient": 84.1350687481818, "dislikes_cost_coefficient": 0.020968236707457576, "prohibit_unfeasible_after_feasible": 1}}, "vertices": [[71, 16], [129, 14], [118, 25], [122, 28], [96, 179], [42, 35], [95, 160], [143, 30], [92, 150], [71, 53], [72, 69], [90, 134], [160, 45], [75, 68], [79, 83], [86, 119], [145, 62], [161, 61], [88, 103], [4, 71], [95, 111], [57, 109], [73, 110], [111, 116], [128, 75], [114, 70], [41, 109], [57, 109], [126, 121], [120, 84], [141, 128], [151, 131], [101, 92], [10, 122], [169, 138], [81, 93], [39, 143], [84, 105], [84, 89]]}