{"bonuses":[],"meta":{"created_at":"2021/07/12 14:04:55","elapsed_s":117.044062,"git_commit":"2771c8ba8145eaa8035d5e86189de4ae37a4323d","judge":{"dislikes":4539,"fit_in_hole":true,"gained_bonuses":[],"is_valid":true,"satisfy_stretch":true},"parameters":{"T0":28.431634812381425,"T1":0.049785756124523975,"deformation_cost_coefficient":52.57395145171653,"dislikes_cost_coefficient":0.037928789640096536,"flip_probability":0.7760414648992298,"hop_grid_probability":0.9006868534684307,"initialize_pose_by_hole":1,"prohibit_unfeasible_after_feasible":1,"protrusion_cost_coefficient0":0.14880535407215473,"protrusion_cost_coefficient1":0.009591910175059884,"shift_max_delta":1,"shift_probability":0.37861068486139804,"single_small_change_max_delta":2,"single_small_change_probability":0.5048194713377948,"slide_protrusion_max_delta":2.7444776032988627,"slide_protrusion_probability":0.5842528189782503,"slight_rotate_max_deg":4.9390388020223535,"slight_rotate_probability":0.36250292875963125,"vote_pow":4.921230200089864},"solver":"OptunaAnnealingSolver"},"vertices":[[76,166],[134,175],[127,162],[132,162],[165,54],[43,152],[148,63],[152,164],[138,66],[68,129],[73,114],[122,71],[167,147],[73,114],[82,101],[107,76],[160,133],[176,134],[91,81],[4,118],[84,73],[53,52],[65,62],[86,57],[142,122],[133,133],[39,45],[52,54],[87,41],[132,119],[84,25],[84,15],[114,107],[12,66],[102,8],[94,111],[42,82],[97,97],[99,112]]}