{"bonuses": [], "meta": {"created_at": "2021/07/12 08:21:54", "elapsed_s": 98.593024, "git_commit": "2771c8ba8145eaa8035d5e86189de4ae37a4323d", "judge": {"dislikes": 346, "fit_in_hole": true, "gained_bonuses": [{"bonus": "GLOBALIST", "position": [78, 95], "problem": 80}], "is_valid": true, "satisfy_stretch": true}, "solver": "OptunaAnnealingSolver", "parameters": {"initialize_pose_by_hole": 0, "T0": 6.616145581650748, "T1": 0.03570120615588132, "single_small_change_max_delta": 2, "shift_max_delta": 2, "slight_rotate_max_deg": 3.094712828713569, "vote_pow": 4.158939105500185, "slide_protrusion_max_delta": 1.5650869476054619, "single_small_change_probability": 0.4086930403399427, "slight_rotate_probability": 0.2785768892191969, "shift_probability": 0.6491074513592824, "hop_grid_probability": 0.771612878921162, "flip_probability": 0.12212434119330863, "slide_protrusion_probability": 0.28697636564689416, "protrusion_cost_coefficient0": 1.7978704897494673, "protrusion_cost_coefficient1": 0.0031106594927597943, "deformation_cost_coefficient": 29.783741248899723, "dislikes_cost_coefficient": 0.03218728421589561, "prohibit_unfeasible_after_feasible": 0}}, "vertices": [[59, 1], [41, 2], [21, 64], [48, 20], [1, 7], [59, 22], [4, 23], [27, 54], [13, 42], [6, 33], [34, 42], [44, 41], [62, 39], [79, 27], [27, 42], [51, 43], [56, 43], [3, 44], [86, 39], [35, 48], [57, 57], [54, 53], [11, 52], [41, 52], [50, 57], [52, 46], [72, 42], [22, 53], [13, 62], [37, 66], [1, 72], [57, 80], [37, 77], [67, 68], [78, 95], [87, 64]]}