{"bonuses":[],"meta":{"created_at":"2021/07/12 19:00:11","elapsed_s":65.75659,"git_commit":"63357edf0d76917e612009513db2af8ef7bd275f","judge":{"dislikes":334,"fit_in_hole":true,"gained_bonuses":[],"is_valid":true,"satisfy_stretch":true},"parameters":{"T0":6.16454007181231,"T1":0.05654415736814276,"deformation_cost_coefficient":15.961280031434427,"dislikes_cost_coefficient":0.08620496428885274,"flip_probability":0.42411567659240645,"hop_grid_probability":0.9190667372018592,"initialize_pose_by_hole":0,"prohibit_unfeasible_after_feasible":0,"protrusion_cost_coefficient0":1.3223693043444125,"protrusion_cost_coefficient1":0.0036758343649425304,"shift_max_delta":2,"shift_probability":0.21775253989377527,"single_small_change_max_delta":2,"single_small_change_probability":0.6601142041000806,"slide_protrusion_max_delta":1.5162504247045274,"slide_protrusion_probability":0.2208819513013668,"slight_rotate_max_deg":2.9034729460634803,"slight_rotate_probability":0.8252619354170286,"vote_pow":5.278674353383261},"solver":"OptunaAnnealingSolver"},"vertices":[[59,2],[41,2],[20,64],[48,21],[2,6],[58,23],[6,22],[19,53],[10,42],[5,32],[30,45],[39,40],[55,48],[74,42],[23,47],[46,41],[51,42],[2,43],[88,38],[32,52],[56,55],[57,50],[12,48],[39,54],[49,55],[63,46],[76,30],[22,42],[7,57],[44,67],[1,72],[57,78],[36,75],[66,67],[78,94],[88,65]]}