{"bonuses":[],"meta":{"created_at":"2021/07/12 12:57:28","elapsed_s":76.423013,"git_commit":"2771c8ba8145eaa8035d5e86189de4ae37a4323d","judge":{"dislikes":13823,"fit_in_hole":true,"gained_bonuses":[],"is_valid":true,"satisfy_stretch":true},"parameters":{"T0":24.135515792217884,"T1":0.0028248432734663434,"deformation_cost_coefficient":1.8727117470970087,"dislikes_cost_coefficient":0.00015090092873207265,"flip_probability":0.15347568789872962,"hop_grid_probability":0.5259256945977613,"initialize_pose_by_hole":0,"prohibit_unfeasible_after_feasible":0,"protrusion_cost_coefficient0":1.5430086425589853,"protrusion_cost_coefficient1":0.0054401695929578945,"shift_max_delta":2,"shift_probability":0.30942414703350923,"single_small_change_max_delta":1,"single_small_change_probability":0.5444871201669336,"slide_protrusion_max_delta":2.4367730127868636,"slide_protrusion_probability":0.13784696496883844,"slight_rotate_max_deg":3.3682509292507685,"slight_rotate_probability":0.21329333583488852,"vote_pow":4.8992326964498565},"solver":"OptunaAnnealingSolver"},"vertices":[[2,29],[17,49],[31,23],[73,34],[40,59],[64,11],[50,39],[33,87],[68,63],[78,34],[61,91],[103,64],[116,36],[123,91],[133,61]]}