{"bonuses": [], "meta": {"created_at": "2021/07/12 07:27:46", "elapsed_s": 74.324484, "git_commit": "2771c8ba8145eaa8035d5e86189de4ae37a4323d", "judge": {"dislikes": 14378, "fit_in_hole": true, "gained_bonuses": [], "is_valid": true, "satisfy_stretch": true}, "solver": "OptunaAnnealingSolver", "parameters": {"initialize_pose_by_hole": 0, "T0": 19.053276634600373, "T1": 0.002235390340910922, "single_small_change_max_delta": 1, "shift_max_delta": 2, "slight_rotate_max_deg": 4.560588009159955, "vote_pow": 4.9387299366924164, "slide_protrusion_max_delta": 1.8294348757505574, "single_small_change_probability": 0.5084969190722514, "slight_rotate_probability": 0.3654142831529886, "shift_probability": 0.01701559833161595, "hop_grid_probability": 0.38028379939511825, "flip_probability": 0.17929864097660667, "slide_protrusion_probability": 0.2339509836577698, "protrusion_cost_coefficient0": 1.9561794394478802, "protrusion_cost_coefficient1": 0.008191296760256839, "deformation_cost_coefficient": 1.5330102197582443, "dislikes_cost_coefficient": 8.790755439059528e-05, "prohibit_unfeasible_after_feasible": 0}}, "vertices": [[51, 34], [42, 58], [21, 36], [70, 35], [45, 83], [67, 10], [46, 40], [32, 109], [66, 63], [74, 36], [52, 88], [101, 63], [112, 34], [122, 89], [131, 58]]}