{"bonuses": [], "meta": {"created_at": "2021/07/12 20:34:26", "elapsed_s": 65.989015, "git_commit": "63357edf0d76917e612009513db2af8ef7bd275f", "judge": {"dislikes": 13467, "fit_in_hole": true, "gained_bonuses": [], "is_valid": true, "satisfy_stretch": true}, "solver": "OptunaAnnealingSolver", "parameters": {"initialize_pose_by_hole": 0, "T0": 17.030906951913835, "T1": 0.0015116033515253455, "single_small_change_max_delta": 1, "shift_max_delta": 1, "slight_rotate_max_deg": 1.9324897506471532, "vote_pow": 5.157074593620166, "slide_protrusion_max_delta": 2.6021858181247435, "single_small_change_probability": 0.44545285744915647, "slight_rotate_probability": 0.18079626163170967, "shift_probability": 0.40351687234985667, "hop_grid_probability": 0.9311063931257879, "flip_probability": 0.046441789266749064, "slide_protrusion_probability": 0.1638430277600308, "protrusion_cost_coefficient0": 3.757542883104048, "protrusion_cost_coefficient1": 0.008946725660295932, "deformation_cost_coefficient": 1.4328258392600477, "dislikes_cost_coefficient": 0.0001337057185894014, "prohibit_unfeasible_after_feasible": 0}}, "vertices": [[14, 48], [39, 50], [28, 22], [68, 35], [40, 75], [66, 10], [45, 40], [36, 103], [65, 63], [73, 36], [61, 91], [100, 63], [111, 34], [123, 88], [130, 56]]}