{"bonuses": [], "meta": {"created_at": "2021/07/12 15:08:53", "elapsed_s": 209.467606, "git_commit": "2771c8ba8145eaa8035d5e86189de4ae37a4323d", "judge": {"dislikes": 5691, "fit_in_hole": true, "gained_bonuses": [], "is_valid": true, "satisfy_stretch": true}, "solver": "OptunaAnnealingSolver", "parameters": {"initialize_pose_by_hole": 0, "T0": 3.9956423923357636, "T1": 0.004333249272685645, "single_small_change_max_delta": 2, "shift_max_delta": 2, "slight_rotate_max_deg": 3.793023058448429, "vote_pow": 4.7206461127573895, "slide_protrusion_max_delta": 1.5986620605018553, "single_small_change_probability": 0.3940374989164669, "slight_rotate_probability": 0.19101576141669027, "shift_probability": 0.16712577079307098, "hop_grid_probability": 0.47928948168481095, "flip_probability": 0.4920270347258597, "slide_protrusion_probability": 0.10822869861603716, "protrusion_cost_coefficient0": 1.0813300042044505, "protrusion_cost_coefficient1": 0.03805076606742869, "deformation_cost_coefficient": 7.710736704310923, "dislikes_cost_coefficient": 0.0036539601485092448, "prohibit_unfeasible_after_feasible": 0}}, "vertices": [[65, 151], [45, 148], [14, 120], [48, 143], [41, 124], [18, 94], [31, 14], [65, 127], [49, 83], [55, 106], [39, 89], [51, 23], [37, 37], [61, 20], [71, 70], [77, 92], [59, 102], [65, 27], [59, 44], [119, 16], [58, 26], [100, 100], [64, 19], [74, 35], [112, 34], [60, 42], [102, 37], [81, 51], [98, 79], [111, 117], [66, 37], [78, 52], [106, 55], [128, 134], [100, 61], [123, 43], [112, 95], [87, 32], [126, 60], [132, 107], [150, 72], [144, 47], [108, 41], [151, 67], [187, 55], [151, 44], [172, 54], [174, 45], [171, 51], [190, 32], [170, 27], [190, 70], [203, 97], [205, 24], [191, 66], [188, 19], [198, 7], [218, 64], [216, 120], [224, 89]]}