{"bonuses": [], "meta": {"created_at": "2021/07/12 20:37:58", "elapsed_s": 158.911883, "git_commit": "63357edf0d76917e612009513db2af8ef7bd275f", "judge": {"dislikes": 5431, "fit_in_hole": true, "gained_bonuses": [], "is_valid": true, "satisfy_stretch": true}, "solver": "OptunaAnnealingSolver", "parameters": {"initialize_pose_by_hole": 0, "T0": 22.483092219410953, "T1": 0.007956130989471595, "single_small_change_max_delta": 2, "shift_max_delta": 1, "slight_rotate_max_deg": 4.6929748923611605, "vote_pow": 6.361956486591522, "slide_protrusion_max_delta": 2.1782973578666174, "single_small_change_probability": 0.2792008113865163, "slight_rotate_probability": 0.17878953909272474, "shift_probability": 0.21685959416288653, "hop_grid_probability": 0.5151492193775402, "flip_probability": 0.3571400075697821, "slide_protrusion_probability": 0.12788255275349492, "protrusion_cost_coefficient0": 1.8317752594326524, "protrusion_cost_coefficient1": 0.0428771402982006, "deformation_cost_coefficient": 15.427518192084325, "dislikes_cost_coefficient": 0.007873985371090013, "prohibit_unfeasible_after_feasible": 0}}, "vertices": [[12, 95], [29, 84], [56, 125], [24, 113], [43, 101], [49, 150], [29, 13], [44, 126], [62, 91], [62, 114], [66, 137], [42, 30], [55, 11], [101, 39], [72, 68], [78, 93], [73, 115], [102, 47], [62, 40], [118, 15], [96, 44], [102, 98], [96, 53], [81, 35], [114, 33], [71, 28], [123, 38], [84, 47], [96, 77], [117, 114], [90, 36], [82, 52], [108, 55], [129, 133], [102, 41], [130, 57], [115, 91], [68, 34], [127, 47], [132, 106], [147, 65], [143, 42], [87, 23], [148, 62], [191, 39], [156, 40], [176, 57], [175, 49], [174, 55], [173, 29], [185, 34], [192, 75], [219, 67], [190, 31], [189, 76], [194, 13], [207, 25], [202, 102], [225, 92], [217, 123]]}