{"bonuses":[],"meta":{"created_at":"2021/07/12 03:24:52","elapsed_s":214.522495,"git_commit":"2771c8ba8145eaa8035d5e86189de4ae37a4323d","judge":{"dislikes":6455,"fit_in_hole":true,"gained_bonuses":[],"is_valid":true,"satisfy_stretch":true},"parameters":{"T0":12.096105051950508,"T1":0.013963601845478867,"deformation_cost_coefficient":14.617773608486539,"dislikes_cost_coefficient":0.007475556109029645,"flip_probability":0.618114644902494,"hop_grid_probability":0.5581035636254909,"initialize_pose_by_hole":0,"prohibit_unfeasible_after_feasible":0,"protrusion_cost_coefficient0":2.4828116480324836,"protrusion_cost_coefficient1":0.0241087059370935,"shift_max_delta":1,"shift_probability":0.07433097538748479,"single_small_change_max_delta":2,"single_small_change_probability":0.3027796722408503,"slide_protrusion_max_delta":1.5407588066923537,"slide_protrusion_probability":0.16505038037142516,"slight_rotate_max_deg":4.08157926242204,"slight_rotate_probability":0.8623484182340164,"vote_pow":3.6247279771619025},"solver":"OptunaAnnealingSolver"},"vertices":[[38,157],[36,137],[23,93],[37,136],[41,114],[20,119],[36,6],[59,134],[74,94],[64,114],[41,114],[57,13],[42,30],[60,31],[71,70],[78,92],[58,99],[52,31],[68,33],[117,16],[56,37],[99,100],[47,38],[66,52],[110,34],[64,38],[100,37],[83,49],[98,78],[108,119],[65,41],[82,45],[107,56],[128,133],[102,56],[121,41],[111,96],[71,62],[127,55],[129,107],[149,70],[139,47],[90,75],[150,66],[173,30],[154,43],[176,57],[173,49],[174,55],[191,45],[180,32],[193,74],[219,67],[193,30],[188,76],[191,12],[207,19],[203,101],[227,92],[216,122]]}