{"bonuses": [], "meta": {"created_at": "2021/07/12 10:45:31", "elapsed_s": 344.53000299999997, "git_commit": "2771c8ba8145eaa8035d5e86189de4ae37a4323d", "judge": {"dislikes": 91783, "fit_in_hole": true, "gained_bonuses": [], "is_valid": true, "satisfy_stretch": true}, "solver": "OptunaAnnealingSolver", "parameters": {"initialize_pose_by_hole": 0, "T0": 70.19438593887186, "T1": 0.004756016743427831, "single_small_change_max_delta": 3, "shift_max_delta": 3, "slight_rotate_max_deg": 1.8051277602800266, "vote_pow": 4.5256187119127755, "slide_protrusion_max_delta": 1.2876968545278165, "single_small_change_probability": 0.3267003904580245, "slight_rotate_probability": 0.26986434852738245, "shift_probability": 0.9354727270865703, "hop_grid_probability": 0.22131567232666582, "flip_probability": 0.022387686949969673, "slide_protrusion_probability": 0.6095479033242979, "protrusion_cost_coefficient0": 5.66250711934585, "protrusion_cost_coefficient1": 0.0019491162657044362, "deformation_cost_coefficient": 10.774301379285863, "dislikes_cost_coefficient": 0.00022683559012788893, "prohibit_unfeasible_after_feasible": 0}}, "vertices": [[38, 190], [49, 168], [176, 244], [160, 234], [184, 226], [145, 222], [66, 189], [155, 220], [86, 155], [120, 97], [72, 189], [95, 123], [139, 223], [136, 199], [188, 213], [88, 186], [84, 216], [89, 327], [156, 207], [121, 219], [99, 288], [149, 111], [102, 223], [86, 220], [154, 224], [101, 156], [79, 264], [143, 227], [125, 197], [133, 255], [119, 182], [107, 296], [114, 229], [106, 254], [35, 276], [129, 134], [136, 249], [100, 226], [84, 183], [137, 236], [93, 204], [116, 229], [148, 218], [65, 192], [105, 254], [154, 248], [136, 272], [137, 253], [94, 307], [101, 280], [98, 227], [138, 241], [107, 252], [93, 300], [38, 201], [71, 258], [142, 209], [161, 269], [88, 237], [120, 238], [135, 266], [180, 272], [108, 253], [94, 278], [144, 236], [150, 273], [61, 233], [121, 227], [139, 241], [150, 254], [175, 274], [59, 249], [92, 253], [103, 270], [112, 244], [115, 296], [139, 249], [137, 249], [153, 207], [139, 320], [117, 275], [139, 278], [95, 237], [157, 295], [140, 233], [131, 221], [131, 219], [134, 278], [161, 263], [135, 249], [162, 229], [133, 248]]}