{"bonuses": [], "meta": {"created_at": "2021/07/12 04:05:34", "elapsed_s": 313.633426, "git_commit": "2771c8ba8145eaa8035d5e86189de4ae37a4323d", "judge": {"dislikes": 144227, "fit_in_hole": true, "gained_bonuses": [], "is_valid": true, "satisfy_stretch": true}, "solver": "OptunaAnnealingSolver", "parameters": {"initialize_pose_by_hole": 0, "T0": 61.493686516797545, "T1": 0.006056128225459782, "single_small_change_max_delta": 3, "shift_max_delta": 3, "slight_rotate_max_deg": 1.0301715206501483, "vote_pow": 4.300862174486133, "slide_protrusion_max_delta": 1.2706439001922527, "single_small_change_probability": 0.3479211748086978, "slight_rotate_probability": 0.2927432359588048, "shift_probability": 0.9932688733425844, "hop_grid_probability": 0.06809303583145603, "flip_probability": 0.07667209534880833, "slide_protrusion_probability": 0.656533083297842, "protrusion_cost_coefficient0": 6.470033915649704, "protrusion_cost_coefficient1": 0.0024397129458616665, "deformation_cost_coefficient": 13.113945140078988, "dislikes_cost_coefficient": 9.063826574497996e-06, "prohibit_unfeasible_after_feasible": 0}}, "vertices": [[90, 233], [113, 241], [58, 172], [156, 294], [87, 220], [137, 291], [97, 260], [63, 204], [108, 236], [52, 271], [82, 234], [77, 246], [154, 270], [130, 267], [80, 196], [93, 263], [64, 256], [104, 115], [56, 205], [81, 233], [110, 156], [83, 280], [88, 229], [117, 228], [109, 215], [93, 216], [90, 172], [115, 242], [95, 231], [122, 271], [73, 240], [130, 140], [88, 235], [97, 260], [122, 202], [93, 251], [113, 246], [133, 205], [135, 245], [83, 192], [91, 268], [142, 246], [119, 255], [108, 292], [109, 190], [126, 225], [97, 156], [119, 223], [117, 193], [142, 205], [122, 200], [84, 228], [109, 191], [131, 231], [103, 321], [86, 220], [116, 227], [117, 215], [123, 258], [150, 243], [103, 222], [114, 191], [117, 194], [107, 221], [91, 193], [112, 251], [119, 285], [93, 211], [81, 207], [143, 210], [90, 238], [151, 270], [121, 257], [72, 213], [71, 218], [86, 239], [120, 221], [118, 224], [62, 184], [181, 230], [132, 237], [113, 253], [91, 249], [65, 226], [44, 207], [95, 208], [107, 250], [91, 213], [88, 244], [81, 233], [111, 218], [63, 226]]}