{"bonuses":[],"meta":{"created_at":"2021/07/12 08:59:08","elapsed_s":212.59962,"git_commit":"2771c8ba8145eaa8035d5e86189de4ae37a4323d","judge":{"dislikes":21044,"fit_in_hole":true,"gained_bonuses":[],"is_valid":true,"satisfy_stretch":true},"parameters":{"T0":2.4720345050351336,"T1":0.0014958633490991012,"deformation_cost_coefficient":4.173281353259139,"dislikes_cost_coefficient":0.0003713582157287984,"flip_probability":0.07120303707749966,"hop_grid_probability":0.5447816836915541,"initialize_pose_by_hole":0,"prohibit_unfeasible_after_feasible":0,"protrusion_cost_coefficient0":1.3645666420003175,"protrusion_cost_coefficient1":0.03572433402995734,"shift_max_delta":2,"shift_probability":0.929693881035628,"single_small_change_max_delta":2,"single_small_change_probability":0.12458529506173405,"slide_protrusion_max_delta":2.0291938151102795,"slide_protrusion_probability":0.695038075242807,"slight_rotate_max_deg":1.4613997606712688,"slight_rotate_probability":0.581817278387187,"vote_pow":4.71815743630342},"solver":"OptunaAnnealingSolver"},"vertices":[[119,70],[93,94],[89,69],[90,62],[139,47],[123,77],[99,95],[115,66],[102,26],[96,56],[90,89],[83,145],[73,114],[84,60],[41,58],[125,72],[122,81],[107,134],[73,119],[96,121],[78,146],[99,98],[155,65],[70,176],[56,94],[103,163],[114,152],[66,147],[84,153],[61,173],[74,62],[86,167],[88,259],[86,165],[93,198],[98,205],[123,229],[117,229],[126,207],[59,290],[119,175],[78,235],[169,242],[96,203],[91,278],[86,255],[50,266],[180,284],[67,194],[123,230],[137,273],[56,233],[78,234],[23,250],[227,292],[166,242],[100,270],[209,253]]}