{"bonuses":[],"meta":{"created_at":"2021/07/12 10:01:19","elapsed_s":301.097917,"git_commit":"2771c8ba8145eaa8035d5e86189de4ae37a4323d","judge":{"dislikes":16814,"fit_in_hole":true,"gained_bonuses":[],"is_valid":true,"satisfy_stretch":true},"parameters":{"T0":2.260565866837682,"T1":0.002255468575207026,"deformation_cost_coefficient":3.1377774862061942,"dislikes_cost_coefficient":0.00030272472811588923,"flip_probability":0.0532606674797058,"hop_grid_probability":0.5690187762612495,"initialize_pose_by_hole":0,"prohibit_unfeasible_after_feasible":0,"protrusion_cost_coefficient0":3.449556847234169,"protrusion_cost_coefficient1":0.02716768072468898,"shift_max_delta":2,"shift_probability":0.9354503817165931,"single_small_change_max_delta":1,"single_small_change_probability":0.03560072103415265,"slide_protrusion_max_delta":2.646582330280945,"slide_protrusion_probability":0.18221641481875858,"slight_rotate_max_deg":1.9106887655537994,"slight_rotate_probability":0.48587874057212216,"vote_pow":4.914386564588085},"solver":"OptunaAnnealingSolver"},"vertices":[[79,88],[163,48],[66,60],[132,57],[109,90],[138,71],[46,80],[79,81],[115,90],[105,61],[111,94],[117,141],[94,118],[49,71],[84,46],[72,66],[85,74],[92,150],[94,124],[118,138],[91,151],[85,91],[85,37],[83,183],[107,13],[116,168],[84,187],[66,131],[91,159],[62,166],[99,50],[84,153],[95,259],[63,210],[82,182],[120,197],[104,218],[97,218],[100,217],[108,298],[97,213],[59,214],[149,234],[130,217],[51,257],[89,258],[71,291],[173,272],[30,245],[90,247],[128,274],[57,277],[79,292],[50,314],[220,275],[142,234],[46,265],[183,253]]}