{"bonuses": [], "meta": {"created_at": "2021/07/12 07:51:37", "elapsed_s": 74.73798099999999, "git_commit": "2771c8ba8145eaa8035d5e86189de4ae37a4323d", "judge": {"dislikes": 7716, "fit_in_hole": true, "gained_bonuses": [], "is_valid": true, "satisfy_stretch": true}, "solver": "OptunaAnnealingSolver", "parameters": {"initialize_pose_by_hole": 0, "T0": 8.33426720785326, "T1": 0.015926194727233032, "single_small_change_max_delta": 3, "shift_max_delta": 2, "slight_rotate_max_deg": 3.4438746575335406, "vote_pow": 4.277093994338611, "slide_protrusion_max_delta": 1.907895558314149, "single_small_change_probability": 0.6481349754179889, "slight_rotate_probability": 0.6139546855378542, "shift_probability": 0.4054696953123875, "hop_grid_probability": 0.6350955593917847, "flip_probability": 0.12617302176031303, "slide_protrusion_probability": 0.06749113883368568, "protrusion_cost_coefficient0": 0.23112844322085324, "protrusion_cost_coefficient1": 0.06435781455947881, "deformation_cost_coefficient": 11.4053213093477, "dislikes_cost_coefficient": 0.00215419792070632, "prohibit_unfeasible_after_feasible": 0}}, "vertices": [[78, 74], [97, 57], [59, 63], [72, 53], [68, 14], [55, 35], [55, 33], [46, 22], [34, 46], [22, 25], [18, 63], [6, 47]]}