{"bonuses": [], "meta": {"created_at": "2021/07/12 08:39:51", "elapsed_s": 475.800522, "git_commit": "", "judge": {"dislikes": 208471, "fit_in_hole": true, "gained_bonuses": [], "is_valid": true, "satisfy_stretch": true}, "solver": "OptunaAnnealingSolver", "parameters": {"initialize_pose_by_hole": 0, "T0": 1.9826959849576349, "T1": 0.0020717970378634734, "single_small_change_max_delta": 2, "shift_max_delta": 1, "slight_rotate_max_deg": 4.930519411661315, "vote_pow": 4.76088239503552, "slide_protrusion_max_delta": 2.904889403356168, "single_small_change_probability": 0.15788508504587984, "slight_rotate_probability": 0.452750517284572, "shift_probability": 0.23786309168077807, "hop_grid_probability": 0.9514919698053557, "flip_probability": 0.5771598642374257, "slide_protrusion_probability": 0.16260106857649584, "protrusion_cost_coefficient0": 0.6348597355662587, "protrusion_cost_coefficient1": 0.02229749780430792, "deformation_cost_coefficient": 42.90701337196174, "dislikes_cost_coefficient": 0.00013703078536546652, "prohibit_unfeasible_after_feasible": 0}}, "vertices": [[240, 242], [267, 222], [220, 126], [216, 207], [264, 122], [237, 193], [204, 172], [244, 161], [220, 188], [225, 127], [218, 156], [192, 176], [237, 154], [140, 74], [206, 162], [154, 178], [120, 106], [210, 123], [171, 106], [159, 108], [131, 207], [183, 142], [214, 128], [214, 163], [191, 176], [143, 135], [158, 187], [179, 141], [195, 133], [216, 154], [205, 166], [190, 182], [206, 170], [209, 203], [202, 158], [173, 183], [177, 185], [217, 176], [145, 194], [235, 135], [212, 199], [99, 135], [164, 177], [187, 94], [241, 195], [195, 130], [171, 167], [294, 214], [186, 224], [207, 206], [128, 164], [207, 169], [183, 148], [238, 154], [273, 241], [174, 215], [180, 191], [263, 175], [191, 246], [177, 189], [261, 200], [202, 171], [210, 168], [209, 135], [267, 143], [176, 192], [188, 176], [248, 215], [207, 205], [293, 165], [191, 211], [228, 185], [216, 202], [187, 162], [220, 170], [219, 168], [188, 177], [173, 226], [262, 216], [239, 135], [257, 173], [201, 141], [208, 208], [183, 195], [198, 196], [235, 141], [220, 226], [222, 114], [231, 131], [197, 140], [244, 197], [267, 162], [219, 169], [216, 171], [267, 134], [252, 104], [234, 134], [186, 105], [201, 139]]}