{"bonuses": [], "meta": {"created_at": "2021/07/12 19:19:19", "elapsed_s": 573.406161, "git_commit": "63357edf0d76917e612009513db2af8ef7bd275f", "judge": {"dislikes": 180487, "fit_in_hole": true, "gained_bonuses": [], "is_valid": true, "satisfy_stretch": true}, "solver": "OptunaAnnealingSolver", "parameters": {"initialize_pose_by_hole": 0, "T0": 8.186832288163032, "T1": 0.005145360806969901, "single_small_change_max_delta": 2, "shift_max_delta": 1, "slight_rotate_max_deg": 3.3633144380356006, "vote_pow": 6.180705349456549, "slide_protrusion_max_delta": 2.770407857601529, "single_small_change_probability": 0.5915015329421007, "slight_rotate_probability": 0.3020768386619548, "shift_probability": 0.157135995784641, "hop_grid_probability": 0.3349282723660895, "flip_probability": 0.5671128998519, "slide_protrusion_probability": 0.043300066034986234, "protrusion_cost_coefficient0": 0.7092415073692399, "protrusion_cost_coefficient1": 0.041640789564209586, "deformation_cost_coefficient": 36.68020606252142, "dislikes_cost_coefficient": 0.0001755228645193866, "prohibit_unfeasible_after_feasible": 0}}, "vertices": [[96, 110], [127, 124], [191, 202], [112, 150], [207, 161], [168, 137], [145, 169], [164, 169], [218, 191], [192, 196], [206, 222], [246, 204], [182, 174], [279, 144], [201, 157], [281, 220], [255, 172], [221, 191], [284, 161], [283, 182], [267, 255], [246, 169], [176, 183], [173, 148], [248, 204], [266, 136], [237, 238], [248, 167], [248, 164], [276, 187], [213, 174], [176, 170], [209, 164], [204, 174], [200, 78], [178, 110], [221, 141], [193, 148], [167, 138], [197, 208], [186, 153], [224, 123], [233, 130], [273, 194], [173, 125], [236, 197], [191, 109], [146, 189], [156, 133], [208, 176], [259, 103], [187, 146], [194, 115], [192, 179], [181, 189], [207, 174], [191, 112], [194, 146], [227, 145], [187, 117], [124, 161], [167, 100], [224, 132], [219, 157], [173, 154], [136, 87], [213, 120], [179, 153], [195, 142], [178, 120], [223, 111], [149, 134], [191, 123], [204, 189], [236, 144], [193, 180], [229, 144], [161, 64], [103, 131], [269, 167], [228, 167], [249, 111], [202, 118], [177, 93], [174, 210], [216, 117], [131, 97], [218, 128], [177, 144], [201, 118], [168, 101], [249, 135], [193, 180], [170, 139], [205, 147], [188, 118], [207, 145], [172, 140], [167, 104]]}