{"bonuses": [], "meta": {"created_at": "2021/07/12 12:55:01", "elapsed_s": 526.461997, "git_commit": "2771c8ba8145eaa8035d5e86189de4ae37a4323d", "judge": {"dislikes": 193882, "fit_in_hole": true, "gained_bonuses": [], "is_valid": true, "satisfy_stretch": true}, "solver": "OptunaAnnealingSolver", "parameters": {"initialize_pose_by_hole": 0, "T0": 2.4080315592130406, "T1": 0.00841221732172059, "single_small_change_max_delta": 2, "shift_max_delta": 1, "slight_rotate_max_deg": 4.560017679908273, "vote_pow": 4.910175480717883, "slide_protrusion_max_delta": 2.6771258452358295, "single_small_change_probability": 0.14893616327308995, "slight_rotate_probability": 0.4578841451198818, "shift_probability": 0.21382702542224868, "hop_grid_probability": 0.7665280213179942, "flip_probability": 0.6623435905546481, "slide_protrusion_probability": 0.0750453365070193, "protrusion_cost_coefficient0": 0.31139531059979936, "protrusion_cost_coefficient1": 0.013374891052643277, "deformation_cost_coefficient": 59.115069027096546, "dislikes_cost_coefficient": 0.00017293412442263693, "prohibit_unfeasible_after_feasible": 0}}, "vertices": [[100, 111], [134, 115], [185, 205], [107, 154], [141, 210], [169, 140], [142, 168], [160, 171], [243, 176], [179, 204], [241, 209], [220, 157], [177, 179], [280, 254], [198, 169], [257, 150], [244, 249], [207, 207], [212, 158], [258, 222], [279, 181], [235, 189], [192, 134], [180, 101], [220, 157], [220, 220], [255, 157], [238, 189], [191, 129], [253, 158], [209, 168], [178, 130], [211, 161], [206, 132], [214, 162], [211, 201], [238, 150], [190, 155], [212, 171], [185, 123], [204, 134], [222, 177], [253, 153], [206, 166], [179, 184], [169, 161], [238, 182], [189, 80], [233, 113], [236, 187], [220, 136], [206, 164], [208, 129], [177, 182], [157, 94], [241, 133], [234, 143], [187, 213], [259, 103], [236, 149], [189, 116], [231, 110], [199, 162], [208, 198], [163, 154], [239, 142], [174, 183], [164, 129], [208, 129], [182, 182], [233, 125], [192, 152], [203, 128], [226, 168], [199, 162], [197, 165], [226, 158], [269, 128], [201, 197], [183, 125], [160, 159], [209, 196], [205, 127], [236, 132], [207, 199], [177, 187], [162, 179], [204, 231], [236, 164], [221, 196], [170, 142], [202, 158], [198, 152], [200, 165], [149, 202], [174, 224], [203, 115], [216, 233], [215, 197]]}