{"bonuses": [], "meta": {"created_at": "2021/07/12 20:31:04", "elapsed_s": 470.876941, "git_commit": "63357edf0d76917e612009513db2af8ef7bd275f", "judge": {"dislikes": 137797, "fit_in_hole": true, "gained_bonuses": [], "is_valid": true, "satisfy_stretch": true}, "solver": "OptunaAnnealingSolver", "parameters": {"initialize_pose_by_hole": 0, "T0": 7.696034494596027, "T1": 0.010667311088176873, "single_small_change_max_delta": 2, "shift_max_delta": 1, "slight_rotate_max_deg": 3.715852465507001, "vote_pow": 6.133650787755553, "slide_protrusion_max_delta": 2.999618432644106, "single_small_change_probability": 0.7360417490787178, "slight_rotate_probability": 0.23557477734447027, "shift_probability": 0.13915946587070294, "hop_grid_probability": 0.2773605472136187, "flip_probability": 0.4473347472199864, "slide_protrusion_probability": 0.0011458868623362576, "protrusion_cost_coefficient0": 0.8562460191792001, "protrusion_cost_coefficient1": 0.05952108670261718, "deformation_cost_coefficient": 20.480804997775557, "dislikes_cost_coefficient": 0.00038183349752596074, "prohibit_unfeasible_after_feasible": 0}}, "vertices": [[140, 189], [173, 181], [209, 128], [182, 178], [247, 151], [190, 143], [219, 169], [208, 170], [179, 158], [241, 190], [182, 190], [205, 174], [227, 132], [191, 252], [241, 150], [175, 198], [227, 261], [207, 168], [276, 156], [174, 217], [164, 233], [240, 168], [268, 174], [237, 189], [206, 177], [238, 225], [186, 207], [209, 204], [240, 157], [214, 145], [229, 174], [219, 154], [203, 165], [247, 150], [186, 238], [218, 216], [210, 146], [236, 176], [205, 242], [238, 194], [248, 145], [270, 255], [242, 181], [222, 122], [233, 207], [243, 153], [203, 211], [88, 102], [226, 117], [185, 174], [258, 215], [222, 179], [246, 141], [231, 146], [119, 117], [218, 217], [227, 213], [238, 178], [251, 205], [261, 111], [77, 137], [276, 134], [279, 146], [255, 170], [235, 177], [286, 102], [184, 102], [149, 138], [223, 183], [259, 201], [217, 212], [113, 142], [310, 131], [287, 184], [163, 127], [231, 145], [190, 191], [293, 69], [104, 97], [178, 90], [197, 127], [197, 137], [187, 154], [309, 98], [263, 158], [188, 105], [143, 115], [163, 128], [196, 128], [175, 156], [149, 152], [153, 118], [233, 117], [170, 120], [198, 74], [179, 101], [196, 115], [160, 123], [157, 87]]}