{"bonuses": [], "meta": {"created_at": "2021/07/12 09:12:29", "elapsed_s": 81.248993, "git_commit": "2771c8ba8145eaa8035d5e86189de4ae37a4323d", "judge": {"dislikes": 880, "fit_in_hole": true, "gained_bonuses": [], "is_valid": true, "satisfy_stretch": true}, "solver": "OptunaAnnealingSolver", "parameters": {"initialize_pose_by_hole": 0, "T0": 4.913562916124603, "T1": 0.05301811166504302, "single_small_change_max_delta": 3, "shift_max_delta": 2, "slight_rotate_max_deg": 3.3087676073267627, "vote_pow": 3.6538818778455897, "slide_protrusion_max_delta": 2.2114517188202782, "single_small_change_probability": 0.21190041730533912, "slight_rotate_probability": 0.6798866498693388, "shift_probability": 0.053264711189757064, "hop_grid_probability": 0.5639798227640869, "flip_probability": 0.28124084920045267, "slide_protrusion_probability": 0.2935436600900166, "protrusion_cost_coefficient0": 0.14210971537660758, "protrusion_cost_coefficient1": 0.009722865615717346, "deformation_cost_coefficient": 16.126400786660845, "dislikes_cost_coefficient": 0.017827626020148733, "prohibit_unfeasible_after_feasible": 0}}, "vertices": [[90, 74], [65, 93], [11, 120], [105, 50], [49, 103], [21, 124], [50, 50], [106, 92], [64, 57], [54, 87], [48, 44], [50, 41], [32, 26], [42, 39], [10, 95], [25, 23], [128, 26], [36, 6], [30, 19], [68, 34], [57, 68], [41, 11], [43, 10], [102, 61], [49, 9], [58, 50], [50, 61], [67, 35], [63, 12], [9, 62], [68, 41], [104, 11], [40, 70], [98, 33]]}