{"bonuses": [], "meta": {"created_at": "2021/07/12 19:25:43", "elapsed_s": 70.619821, "git_commit": "63357edf0d76917e612009513db2af8ef7bd275f", "judge": {"dislikes": 812, "fit_in_hole": true, "gained_bonuses": [], "is_valid": true, "satisfy_stretch": true}, "solver": "OptunaAnnealingSolver", "parameters": {"initialize_pose_by_hole": 0, "T0": 10.301262247027593, "T1": 0.0032826372400455474, "single_small_change_max_delta": 3, "shift_max_delta": 2, "slight_rotate_max_deg": 2.8660228826902427, "vote_pow": 6.001342789599931, "slide_protrusion_max_delta": 2.2095313730797703, "single_small_change_probability": 0.8627361973369024, "slight_rotate_probability": 0.6707075363715255, "shift_probability": 0.43148228382796994, "hop_grid_probability": 0.5372508671796805, "flip_probability": 0.6150734263942841, "slide_protrusion_probability": 0.26394866278922163, "protrusion_cost_coefficient0": 0.1364704027814385, "protrusion_cost_coefficient1": 0.0012445142653973442, "deformation_cost_coefficient": 16.840834564751045, "dislikes_cost_coefficient": 0.012480207282303469, "prohibit_unfeasible_after_feasible": 0}}, "vertices": [[49, 103], [70, 80], [108, 41], [31, 125], [88, 82], [104, 51], [59, 28], [34, 84], [64, 44], [100, 97], [54, 24], [59, 18], [36, 9], [50, 18], [124, 16], [30, 14], [4, 118], [37, 28], [25, 19], [64, 65], [87, 83], [44, 27], [45, 29], [10, 64], [48, 34], [77, 66], [87, 56], [63, 65], [50, 48], [95, 8], [63, 71], [12, 93], [95, 43], [32, 82]]}