{"bonuses": [], "meta": {"created_at": "2021/07/12 19:03:02", "elapsed_s": 126.208748, "git_commit": "", "judge": {"dislikes": 173, "fit_in_hole": true, "gained_bonuses": [], "is_valid": true, "satisfy_stretch": true}, "solver": "OptunaAnnealingSolver", "parameters": {"initialize_pose_by_hole": 0, "T0": 1.007303519787904, "T1": 0.026923114421925035, "single_small_change_max_delta": 2, "shift_max_delta": 1, "slight_rotate_max_deg": 1.4083092644126878, "vote_pow": 5.789247469096644, "slide_protrusion_max_delta": 1.3602183697310188, "single_small_change_probability": 0.5021312695069757, "slight_rotate_probability": 0.29657916218023017, "shift_probability": 0.6987896329983749, "hop_grid_probability": 0.630140524926856, "flip_probability": 0.213678487600506, "slide_protrusion_probability": 0.9785770770689941, "protrusion_cost_coefficient0": 4.841534218385878, "protrusion_cost_coefficient1": 0.006503007174679878, "deformation_cost_coefficient": 11.11304357754938, "dislikes_cost_coefficient": 0.06989547687067588, "prohibit_unfeasible_after_feasible": 0}}, "vertices": [[14, 70], [20, 66], [36, 71], [38, 78], [19, 56], [16, 63], [26, 61], [32, 65], [38, 71], [16, 42], [18, 49], [18, 56], [25, 54], [33, 58], [35, 65], [14, 35], [18, 42], [20, 49], [31, 50], [38, 53], [12, 28], [15, 35], [26, 45], [32, 43], [45, 51], [52, 53], [20, 29], [23, 36], [29, 38], [40, 41], [47, 43], [60, 51], [26, 29], [30, 34], [32, 32], [39, 34], [52, 38], [55, 45], [33, 28], [37, 35], [38, 28], [45, 31], [52, 31], [34, 34], [38, 28], [39, 21], [46, 24], [54, 24], [56, 17], [41, 21], [40, 14], [49, 17], [56, 17], [58, 10], [39, 7], [43, 13], [60, 11], [63, 4]]}