{"bonuses":[],"meta":{"created_at":"2021/07/12 08:27:20","elapsed_s":138.871437,"git_commit":"2771c8ba8145eaa8035d5e86189de4ae37a4323d","judge":{"dislikes":189,"fit_in_hole":true,"gained_bonuses":[],"is_valid":true,"satisfy_stretch":true},"parameters":{"T0":1.0802519093150644,"T1":0.007708442487159826,"deformation_cost_coefficient":12.018341128594715,"dislikes_cost_coefficient":0.06395325572477299,"flip_probability":0.1553497305881247,"hop_grid_probability":0.6951514305500667,"initialize_pose_by_hole":0,"prohibit_unfeasible_after_feasible":0,"protrusion_cost_coefficient0":3.0890853808807335,"protrusion_cost_coefficient1":0.0019426617339539918,"shift_max_delta":1,"shift_probability":0.7104068561894054,"single_small_change_max_delta":2,"single_small_change_probability":0.42630633217530356,"slide_protrusion_max_delta":1.8835747324694552,"slide_protrusion_probability":0.9863987581024594,"slight_rotate_max_deg":1.715758471701589,"slight_rotate_probability":0.3742618525499501,"vote_pow":4.691660197901767},"solver":"OptunaAnnealingSolver"},"vertices":[[17,66],[17,73],[33,70],[36,77],[23,54],[22,61],[22,67],[29,64],[30,72],[16,42],[21,47],[22,54],[25,60],[34,59],[35,66],[14,35],[18,41],[22,47],[31,56],[38,53],[12,28],[15,34],[28,46],[34,49],[44,50],[51,51],[19,31],[22,36],[29,38],[37,41],[44,42],[59,51],[26,29],[29,35],[32,32],[38,34],[50,39],[54,45],[29,35],[36,34],[38,28],[45,32],[52,32],[36,35],[39,28],[40,21],[46,25],[54,25],[57,18],[39,21],[41,14],[48,18],[55,18],[57,11],[39,7],[45,11],[59,12],[63,6]]}