{"bonuses": [], "meta": {"created_at": "2021/07/12 15:16:44", "elapsed_s": 113.26690599999999, "git_commit": "2771c8ba8145eaa8035d5e86189de4ae37a4323d", "judge": {"dislikes": 188, "fit_in_hole": true, "gained_bonuses": [], "is_valid": true, "satisfy_stretch": true}, "solver": "OptunaAnnealingSolver", "parameters": {"initialize_pose_by_hole": 0, "T0": 1.8521934479330922, "T1": 0.03712845883982987, "single_small_change_max_delta": 2, "shift_max_delta": 1, "slight_rotate_max_deg": 1.3027023564641922, "vote_pow": 4.884436911525896, "slide_protrusion_max_delta": 1.4833854187627948, "single_small_change_probability": 0.44920759282399614, "slight_rotate_probability": 0.21529866847753967, "shift_probability": 0.6504162825764854, "hop_grid_probability": 0.6753005907212699, "flip_probability": 0.19350816304575297, "slide_protrusion_probability": 0.9483629682039438, "protrusion_cost_coefficient0": 6.455054766262707, "protrusion_cost_coefficient1": 0.00511990995791545, "deformation_cost_coefficient": 9.96906446338717, "dislikes_cost_coefficient": 0.054692395361936874, "prohibit_unfeasible_after_feasible": 0}}, "vertices": [[19, 66], [17, 73], [34, 71], [37, 78], [25, 54], [21, 59], [23, 68], [30, 65], [32, 72], [22, 43], [28, 47], [27, 55], [25, 61], [32, 58], [34, 65], [21, 37], [21, 50], [28, 48], [30, 55], [37, 53], [15, 36], [18, 43], [32, 42], [35, 49], [43, 52], [50, 53], [13, 28], [24, 37], [31, 34], [40, 43], [47, 45], [58, 53], [20, 29], [27, 31], [38, 33], [44, 37], [52, 40], [56, 46], [27, 28], [34, 30], [40, 26], [47, 30], [54, 33], [33, 29], [40, 27], [42, 19], [47, 23], [56, 26], [59, 20], [40, 20], [42, 13], [50, 16], [57, 19], [62, 13], [40, 6], [43, 13], [61, 13], [64, 6]]}