{"bonuses":[],"meta":{"created_at":"2021/07/12 07:09:38","elapsed_s":387.519098,"git_commit":"2771c8ba8145eaa8035d5e86189de4ae37a4323d","judge":{"dislikes":341,"fit_in_hole":true,"gained_bonuses":[],"is_valid":true,"satisfy_stretch":true},"parameters":{"T0":6.7750578522042995,"T1":0.006309578568907391,"deformation_cost_coefficient":77.09235450461375,"dislikes_cost_coefficient":0.04585477209967238,"flip_probability":0.151142393241199,"hop_grid_probability":0.050285338074514255,"initialize_pose_by_hole":0,"prohibit_unfeasible_after_feasible":0,"protrusion_cost_coefficient0":4.2337988548381515,"protrusion_cost_coefficient1":0.07825477605021984,"shift_max_delta":2,"shift_probability":0.8676861721717604,"single_small_change_max_delta":1,"single_small_change_probability":0.49313416605897176,"slide_protrusion_max_delta":2.184504510193721,"slide_protrusion_probability":0.5526562980490026,"slight_rotate_max_deg":2.2577604018435165,"slight_rotate_probability":0.8736776282709263,"vote_pow":4.911337375163382},"solver":"OptunaAnnealingSolver"},"vertices":[[70,29],[68,36],[69,48],[76,47],[61,18],[65,24],[61,38],[63,45],[69,49],[53,8],[59,11],[58,25],[57,32],[56,43],[62,46],[47,7],[52,13],[55,19],[50,31],[51,38],[43,2],[46,8],[48,20],[45,26],[47,44],[41,48],[36,6],[40,14],[41,21],[41,33],[41,40],[37,55],[31,10],[33,17],[38,27],[34,33],[34,41],[34,48],[29,4],[28,22],[32,28],[34,40],[27,39],[28,11],[23,16],[26,32],[27,39],[21,35],[19,42],[19,22],[20,29],[21,35],[18,41],[12,45],[14,25],[14,32],[11,41],[5,45]]}