{"bonuses":[],"meta":{"created_at":"2021/07/12 13:01:07","elapsed_s":273.85856,"git_commit":"2771c8ba8145eaa8035d5e86189de4ae37a4323d","judge":{"dislikes":251,"fit_in_hole":true,"gained_bonuses":[],"is_valid":true,"satisfy_stretch":true},"parameters":{"T0":6.923150336692529,"T1":0.007710228328791249,"deformation_cost_coefficient":82.86444376299922,"dislikes_cost_coefficient":0.09995405477480242,"flip_probability":0.5618173413998865,"hop_grid_probability":0.9633488580193543,"initialize_pose_by_hole":0,"prohibit_unfeasible_after_feasible":0,"protrusion_cost_coefficient0":0.8634177102069026,"protrusion_cost_coefficient1":0.034033284797343265,"shift_max_delta":2,"shift_probability":0.6763688221825964,"single_small_change_max_delta":1,"single_small_change_probability":0.6093238485906738,"slide_protrusion_max_delta":1.8371188054878216,"slide_protrusion_probability":0.6735832062269018,"slight_rotate_max_deg":3.1420305340079104,"slight_rotate_probability":0.7657645552105868,"vote_pow":4.247842113460355},"solver":"OptunaAnnealingSolver"},"vertices":[[18,22],[12,26],[12,46],[5,45],[27,11],[22,16],[15,32],[13,39],[12,43],[39,4],[32,5],[25,22],[21,27],[19,42],[15,36],[43,10],[33,12],[31,19],[26,33],[26,40],[44,3],[40,9],[35,25],[33,32],[32,42],[33,49],[49,8],[45,16],[43,23],[41,35],[40,42],[37,56],[51,14],[47,9],[50,24],[47,30],[46,46],[41,50],[55,8],[51,15],[56,20],[53,35],[52,42],[61,9],[58,15],[60,25],[60,32],[59,44],[65,47],[63,21],[67,27],[65,38],[66,45],[72,47],[73,28],[72,35],[59,47],[65,50]]}