{"bonuses":[],"meta":{"created_at":"2021/07/12 05:33:39","elapsed_s":230.976201,"git_commit":"2771c8ba8145eaa8035d5e86189de4ae37a4323d","judge":{"dislikes":33903,"fit_in_hole":true,"gained_bonuses":[],"is_valid":true,"satisfy_stretch":true},"parameters":{"T0":9.47556806693792,"T1":0.017796548354967464,"deformation_cost_coefficient":11.347272160161417,"dislikes_cost_coefficient":7.001738400437581e-05,"flip_probability":0.408130858314013,"hop_grid_probability":0.9823338072885069,"initialize_pose_by_hole":0,"prohibit_unfeasible_after_feasible":0,"protrusion_cost_coefficient0":7.290219418812699,"protrusion_cost_coefficient1":0.018706999899485665,"shift_max_delta":2,"shift_probability":0.8808153827198565,"single_small_change_max_delta":2,"single_small_change_probability":0.4790283456931211,"slide_protrusion_max_delta":1.860436984390544,"slide_protrusion_probability":0.23076960297493412,"slight_rotate_max_deg":2.7229876302381757,"slight_rotate_probability":0.12161244016509064,"vote_pow":4.4681623326081645},"solver":"OptunaAnnealingSolver"},"vertices":[[150,104],[144,128],[118,128],[140,80],[144,113],[133,106],[145,138],[116,128],[109,98],[116,118],[134,141],[141,166],[77,81],[149,132],[148,122],[84,77],[126,162],[136,96],[128,141],[112,147],[130,145],[80,43],[100,107],[120,119],[120,119],[134,169],[140,139],[149,107],[95,73],[95,133],[103,141],[244,60],[240,96],[170,86],[63,54],[130,77],[204,110],[116,112],[92,107],[226,26],[105,82],[137,85],[206,74],[135,104],[110,99],[119,106],[35,72],[201,73],[61,92],[193,39],[117,124],[138,83],[169,84],[121,131],[172,70],[137,100],[132,76],[103,79],[114,95],[89,79],[86,100],[58,93],[58,66]]}