{"bonuses": [], "meta": {"created_at": "2021/07/12 04:49:35", "elapsed_s": 154.061344, "git_commit": "2771c8ba8145eaa8035d5e86189de4ae37a4323d", "judge": {"dislikes": 9, "fit_in_hole": true, "gained_bonuses": [], "is_valid": true, "satisfy_stretch": true}, "solver": "OptunaAnnealingSolver", "parameters": {"initialize_pose_by_hole": 0, "T0": 67.23865819261793, "T1": 0.01811527565992973, "single_small_change_max_delta": 2, "shift_max_delta": 2, "slight_rotate_max_deg": 1.544544675809415, "vote_pow": 4.8839553955317925, "slide_protrusion_max_delta": 2.6679293147126324, "single_small_change_probability": 0.12559287858102072, "slight_rotate_probability": 0.6237169345947224, "shift_probability": 0.6920291001507954, "hop_grid_probability": 0.08572241751116663, "flip_probability": 0.04166366946021028, "slide_protrusion_probability": 0.4405942998177762, "protrusion_cost_coefficient0": 0.9366942717591903, "protrusion_cost_coefficient1": 0.08498594565388236, "deformation_cost_coefficient": 8.341754076772636, "dislikes_cost_coefficient": 0.045258497223466344, "prohibit_unfeasible_after_feasible": 0}}, "vertices": [[64, 170], [65, 179], [60, 176], [63, 171], [130, 37], [139, 35], [41, 132], [123, 29], [128, 37], [146, 143], [146, 131], [51, 133], [153, 150], [7, 192], [151, 141], [106, 9], [186, 65], [83, 9], [5, 83], [9, 138], [197, 121], [137, 194], [98, 51], [66, 187], [193, 183], [37, 119], [104, 67], [102, 177], [57, 150], [71, 147], [73, 133], [143, 129], [83, 98], [75, 108], [73, 125], [95, 110], [69, 116], [151, 152], [110, 132], [80, 129], [142, 151], [64, 125], [86, 132], [112, 140], [117, 166], [82, 136], [70, 131], [72, 113], [100, 122]]}