{"bonuses":[],"meta":{"created_at":"2021/07/12 08:38:39","elapsed_s":90.725296,"git_commit":"2771c8ba8145eaa8035d5e86189de4ae37a4323d","judge":{"dislikes":10,"fit_in_hole":true,"gained_bonuses":[],"is_valid":true,"satisfy_stretch":true},"parameters":{"T0":1.0845734085496266,"T1":0.03736546429074005,"deformation_cost_coefficient":9.451141874148563,"dislikes_cost_coefficient":0.09673969742051121,"flip_probability":0.22911296357789573,"hop_grid_probability":0.09991462693664707,"initialize_pose_by_hole":0,"prohibit_unfeasible_after_feasible":0,"protrusion_cost_coefficient0":1.9190593538141545,"protrusion_cost_coefficient1":0.004971920276786507,"shift_max_delta":2,"shift_probability":0.037924249103969764,"single_small_change_max_delta":1,"single_small_change_probability":0.5831477262712851,"slide_protrusion_max_delta":2.2023166728423185,"slide_protrusion_probability":0.023472860513203565,"slight_rotate_max_deg":4.335803935053719,"slight_rotate_probability":0.6826117846422498,"vote_pow":2.684604639936794},"solver":"OptunaAnnealingSolver"},"vertices":[[51,1],[56,1],[46,10],[32,12],[55,12],[21,26],[13,26],[11,26],[24,17],[17,33],[13,30],[49,19],[11,33],[21,31],[21,29],[44,24],[16,40],[19,36],[59,20],[38,28],[19,35],[55,22],[15,47],[37,39],[23,77],[21,77],[14,69],[27,50],[21,73],[5,75],[7,75],[17,72],[20,71],[8,74],[14,69],[1,76],[11,72],[34,59],[28,68]]}