{"bonuses":[],"meta":{"created_at":"2021/07/12 10:22:36","elapsed_s":67.147536,"git_commit":"","judge":{"dislikes":5,"fit_in_hole":true,"gained_bonuses":[],"is_valid":true,"satisfy_stretch":true},"parameters":{"T0":1.8694014270870363,"T1":0.026442488868359745,"deformation_cost_coefficient":11.389911116190268,"dislikes_cost_coefficient":0.057649944648703676,"flip_probability":0.21045973420098618,"hop_grid_probability":0.22986525365723537,"initialize_pose_by_hole":0,"prohibit_unfeasible_after_feasible":0,"protrusion_cost_coefficient0":2.3168727324240583,"protrusion_cost_coefficient1":0.008404335672624264,"shift_max_delta":2,"shift_probability":0.07644047351834143,"single_small_change_max_delta":1,"single_small_change_probability":0.5948930584848328,"slide_protrusion_max_delta":2.08924542695807,"slide_protrusion_probability":0.14010934808712344,"slight_rotate_max_deg":4.510605367146334,"slight_rotate_probability":0.8174901153243694,"vote_pow":4.6797254799639045},"solver":"OptunaAnnealingSolver"},"vertices":[[56,1],[51,1],[56,10],[41,12],[46,10],[28,23],[16,35],[18,35],[32,12],[22,28],[19,32],[49,18],[24,31],[10,34],[10,32],[44,24],[16,32],[15,37],[59,20],[38,28],[10,26],[55,21],[12,38],[37,41],[9,66],[7,66],[9,59],[33,57],[5,66],[1,75],[1,73],[8,63],[5,60],[2,72],[5,66],[5,77],[9,67],[29,68],[23,77]]}