{"bonuses": [], "meta": {"created_at": "2021/07/12 20:26:20", "elapsed_s": 478.170392, "git_commit": "63357edf0d76917e612009513db2af8ef7bd275f", "judge": {"dislikes": 14217, "fit_in_hole": true, "gained_bonuses": [], "is_valid": true, "satisfy_stretch": true}, "solver": "OptunaAnnealingSolver", "parameters": {"initialize_pose_by_hole": 0, "T0": 2.204380646041221, "T1": 0.0021335997397100744, "single_small_change_max_delta": 3, "shift_max_delta": 2, "slight_rotate_max_deg": 1.8007365756011864, "vote_pow": 8.952322766910736, "slide_protrusion_max_delta": 1.9851857951234688, "single_small_change_probability": 0.9704339448992492, "slight_rotate_probability": 0.2869807786114316, "shift_probability": 0.5351684601617493, "hop_grid_probability": 0.3483152669175942, "flip_probability": 0.2782976317688401, "slide_protrusion_probability": 0.34132468510236325, "protrusion_cost_coefficient0": 1.410176971436494, "protrusion_cost_coefficient1": 0.0065791782072576474, "deformation_cost_coefficient": 9.615719794026218, "dislikes_cost_coefficient": 0.0001582710405424596, "prohibit_unfeasible_after_feasible": 0}}, "vertices": [[32, 14], [27, 32], [71, 130], [51, 24], [63, 117], [51, 133], [41, 48], [201, 47], [62, 42], [75, 22], [46, 118], [55, 65], [25, 192], [46, 148], [62, 119], [47, 133], [86, 98], [177, 50], [47, 210], [221, 54], [97, 115], [78, 185], [20, 189], [69, 164], [35, 106], [85, 76], [81, 37], [68, 106], [89, 37], [54, 211], [72, 109], [72, 55], [66, 128], [90, 56], [204, 67], [180, 71], [89, 161], [51, 108], [43, 121], [79, 121], [79, 143], [101, 88], [28, 226], [104, 91], [68, 116], [76, 57], [91, 104], [53, 178], [81, 75], [67, 114], [202, 89], [181, 91], [88, 181], [75, 165], [82, 96], [52, 117], [40, 131], [87, 87], [53, 211], [18, 115], [96, 158], [98, 134], [15, 254], [109, 115], [71, 97], [189, 114], [103, 96], [78, 190], [139, 139], [153, 95], [146, 125], [103, 166], [158, 147], [113, 144], [122, 133], [42, 241], [156, 140], [159, 120], [142, 168], [129, 92], [145, 165], [135, 151], [144, 130], [125, 162], [167, 172], [135, 156], [152, 98], [161, 188], [120, 239], [135, 111], [132, 199], [137, 179], [160, 153], [158, 150], [146, 168], [162, 115], [142, 113], [156, 150], [142, 173], [130, 256], [131, 219], [150, 128], [148, 195], [163, 176], [167, 171], [155, 189], [142, 163], [125, 165], [138, 131], [137, 158], [140, 112], [156, 170], [123, 238], [147, 219], [151, 153], [154, 210], [142, 175], [143, 235], [148, 188], [153, 173], [183, 189], [152, 155], [161, 166], [156, 230], [172, 202], [167, 175], [159, 168], [162, 180], [165, 164], [138, 159], [189, 214], [210, 180], [143, 172], [171, 222], [148, 172], [174, 243], [214, 209]]}