{"bonuses": [], "meta": {"created_at": "2021/07/12 13:21:56", "elapsed_s": 434.747577, "git_commit": "2771c8ba8145eaa8035d5e86189de4ae37a4323d", "judge": {"dislikes": 23495, "fit_in_hole": true, "gained_bonuses": [], "is_valid": true, "satisfy_stretch": true}, "solver": "OptunaAnnealingSolver", "parameters": {"initialize_pose_by_hole": 0, "T0": 3.496789055569939, "T1": 0.0018321194035970715, "single_small_change_max_delta": 3, "shift_max_delta": 2, "slight_rotate_max_deg": 2.585478382002273, "vote_pow": 2.771565764286396, "slide_protrusion_max_delta": 2.1588990222726667, "single_small_change_probability": 0.973804321738313, "slight_rotate_probability": 0.22485764363571376, "shift_probability": 0.46625512952199133, "hop_grid_probability": 0.2181652532391707, "flip_probability": 0.26880417168338505, "slide_protrusion_probability": 0.4365971594055812, "protrusion_cost_coefficient0": 1.8574338536310293, "protrusion_cost_coefficient1": 0.038030910604141405, "deformation_cost_coefficient": 11.918749913045538, "dislikes_cost_coefficient": 0.00027651465720192087, "prohibit_unfeasible_after_feasible": 0}}, "vertices": [[199, 56], [214, 46], [168, 94], [187, 38], [175, 107], [150, 85], [192, 48], [92, 141], [170, 51], [146, 46], [138, 97], [178, 63], [157, 241], [145, 120], [153, 102], [160, 121], [183, 115], [112, 126], [175, 216], [79, 125], [165, 121], [134, 172], [191, 189], [127, 150], [150, 108], [172, 68], [155, 35], [166, 105], [156, 27], [142, 209], [139, 99], [172, 43], [141, 124], [141, 17], [100, 124], [110, 103], [152, 129], [140, 121], [154, 145], [152, 115], [150, 150], [156, 79], [126, 234], [142, 112], [148, 135], [135, 39], [147, 94], [156, 186], [151, 46], [143, 125], [81, 111], [91, 94], [149, 148], [138, 169], [138, 65], [133, 136], [159, 146], [124, 110], [151, 218], [137, 162], [127, 149], [132, 126], [146, 259], [129, 104], [124, 93], [109, 109], [140, 87], [131, 194], [84, 88], [69, 76], [80, 102], [110, 170], [102, 149], [105, 148], [110, 116], [172, 243], [76, 103], [88, 90], [81, 103], [53, 55], [86, 164], [90, 129], [90, 108], [87, 175], [74, 127], [81, 151], [71, 72], [66, 126], [35, 219], [73, 50], [61, 187], [67, 169], [67, 165], [69, 123], [74, 145], [84, 87], [57, 59], [51, 135], [63, 151], [29, 237], [47, 201], [47, 71], [46, 166], [49, 152], [53, 139], [60, 161], [38, 102], [63, 126], [96, 112], [69, 121], [64, 81], [47, 115], [35, 219], [35, 188], [51, 131], [46, 178], [44, 132], [26, 202], [51, 133], [53, 148], [43, 159], [58, 127], [54, 113], [62, 192], [38, 158], [67, 152], [50, 115], [61, 145], [69, 147], [60, 140], [22, 144], [15, 159], [62, 126], [36, 178], [56, 160], [56, 170], [4, 130]]}