{"bonuses": [], "meta": {"created_at": "2021/07/12 05:38:02", "elapsed_s": 398.08117999999996, "git_commit": "2771c8ba8145eaa8035d5e86189de4ae37a4323d", "judge": {"dislikes": 30728, "fit_in_hole": true, "gained_bonuses": [], "is_valid": true, "satisfy_stretch": true}, "solver": "OptunaAnnealingSolver", "parameters": {"initialize_pose_by_hole": 0, "T0": 2.946620613126311, "T1": 0.030636272969678708, "single_small_change_max_delta": 3, "shift_max_delta": 2, "slight_rotate_max_deg": 2.7852549349185147, "vote_pow": 4.739357520008106, "slide_protrusion_max_delta": 1.2905574513833844, "single_small_change_probability": 0.3126699993112344, "slight_rotate_probability": 0.12193546216224917, "shift_probability": 0.5914477266882345, "hop_grid_probability": 0.06598197264900332, "flip_probability": 0.04027635588576617, "slide_protrusion_probability": 0.1558605231815725, "protrusion_cost_coefficient0": 1.7229565297790026, "protrusion_cost_coefficient1": 0.0037705977295312974, "deformation_cost_coefficient": 6.6051292028330675, "dislikes_cost_coefficient": 4.47723904138957e-05, "prohibit_unfeasible_after_feasible": 0}}, "vertices": [[17, 253], [35, 249], [87, 104], [31, 238], [74, 110], [69, 97], [44, 230], [177, 211], [27, 218], [53, 213], [84, 100], [37, 209], [65, 30], [67, 111], [76, 114], [58, 125], [45, 119], [198, 200], [42, 49], [174, 231], [56, 136], [65, 101], [75, 56], [78, 119], [95, 111], [62, 170], [35, 199], [63, 116], [73, 207], [54, 63], [87, 105], [53, 195], [49, 107], [56, 201], [165, 213], [177, 195], [97, 115], [107, 99], [49, 131], [46, 122], [85, 98], [50, 154], [36, 40], [67, 156], [43, 119], [54, 192], [60, 138], [50, 80], [44, 177], [34, 116], [164, 192], [167, 177], [85, 98], [63, 102], [64, 171], [36, 132], [55, 135], [55, 144], [60, 52], [50, 107], [78, 119], [65, 138], [66, 51], [64, 159], [66, 158], [144, 173], [85, 166], [77, 79], [114, 155], [150, 154], [119, 141], [88, 94], [92, 154], [101, 112], [86, 149], [59, 22], [118, 138], [125, 153], [138, 147], [152, 179], [106, 136], [106, 136], [108, 150], [111, 90], [133, 124], [124, 113], [147, 157], [129, 123], [167, 67], [131, 172], [150, 81], [132, 92], [126, 138], [128, 137], [118, 118], [130, 152], [133, 169], [128, 147], [135, 100], [187, 63], [146, 63], [124, 154], [152, 84], [136, 117], [140, 118], [127, 99], [129, 144], [100, 105], [103, 150], [151, 144], [128, 173], [135, 129], [169, 63], [162, 63], [123, 118], [144, 85], [120, 103], [159, 47], [151, 106], [137, 102], [158, 131], [134, 112], [132, 125], [143, 107], [147, 106], [149, 110], [137, 126], [141, 95], [151, 98], [135, 126], [133, 121], [146, 106], [126, 137], [140, 125], [147, 81], [160, 120], [154, 133]]}