{"bonuses":[],"meta":{"created_at":"2021/07/12 09:47:59","elapsed_s":154.228185,"git_commit":"2771c8ba8145eaa8035d5e86189de4ae37a4323d","judge":{"dislikes":249,"fit_in_hole":true,"gained_bonuses":[],"is_valid":true,"satisfy_stretch":true},"parameters":{"T0":6.007166269819318,"T1":0.03351660641385435,"deformation_cost_coefficient":31.166832751736816,"dislikes_cost_coefficient":0.07686741168942786,"flip_probability":0.35921845554402876,"hop_grid_probability":0.6632810544053542,"initialize_pose_by_hole":0,"prohibit_unfeasible_after_feasible":0,"protrusion_cost_coefficient0":0.32326515017592117,"protrusion_cost_coefficient1":0.001279049469082054,"shift_max_delta":3,"shift_probability":0.9158221341502245,"single_small_change_max_delta":3,"single_small_change_probability":0.4926204849597174,"slide_protrusion_max_delta":2.8887769881048198,"slide_protrusion_probability":0.32223157975781996,"slight_rotate_max_deg":2.100414997191431,"slight_rotate_probability":0.6385295374291214,"vote_pow":4.988818865974597},"solver":"OptunaAnnealingSolver"},"vertices":[[2,137],[28,199],[17,182],[14,161],[28,141],[50,210],[84,52],[54,69],[62,194],[40,169],[57,68],[57,103],[47,124],[34,192],[70,62],[80,34],[56,143],[67,86],[85,16],[76,77],[45,218],[70,118],[67,42],[63,23],[67,171],[84,99],[70,59],[63,202],[67,231],[66,5],[46,35],[90,77],[97,126],[79,147],[52,17],[133,66],[105,100],[164,169],[120,134],[149,86],[124,85],[153,200],[157,167],[124,116],[140,140],[149,63],[142,101],[148,205],[159,85],[146,124],[143,180],[180,219],[110,141],[164,42],[187,182],[164,161],[167,66],[180,82],[135,154],[243,192],[152,239],[175,173],[214,199],[189,63],[189,146],[214,170],[235,221],[238,163],[235,188],[258,199],[249,136],[250,164],[256,164]]}