{"bonuses": [], "meta": {"created_at": "2021/07/12 04:56:20", "elapsed_s": 167.07130999999998, "git_commit": "2771c8ba8145eaa8035d5e86189de4ae37a4323d", "judge": {"dislikes": 263, "fit_in_hole": true, "gained_bonuses": [], "is_valid": true, "satisfy_stretch": true}, "solver": "OptunaAnnealingSolver", "parameters": {"initialize_pose_by_hole": 0, "T0": 7.308341636185901, "T1": 0.02168698495487469, "single_small_change_max_delta": 3, "shift_max_delta": 3, "slight_rotate_max_deg": 2.9474729530141537, "vote_pow": 4.967555008162632, "slide_protrusion_max_delta": 2.1701939592600015, "single_small_change_probability": 0.42266398049695136, "slight_rotate_probability": 0.5438869647138058, "shift_probability": 0.8207531992080368, "hop_grid_probability": 0.06018801528802946, "flip_probability": 0.23449637189128147, "slide_protrusion_probability": 0.24540400206391716, "protrusion_cost_coefficient0": 2.0032105850370656, "protrusion_cost_coefficient1": 0.039657288343086745, "deformation_cost_coefficient": 21.69981941855075, "dislikes_cost_coefficient": 0.04724980075271846, "prohibit_unfeasible_after_feasible": 0}}, "vertices": [[3, 138], [17, 181], [26, 163], [28, 149], [25, 124], [31, 202], [91, 41], [86, 96], [44, 212], [52, 160], [94, 58], [62, 122], [64, 99], [47, 184], [80, 54], [73, 40], [52, 130], [76, 115], [55, 38], [79, 74], [67, 232], [78, 117], [67, 39], [68, 20], [77, 148], [69, 95], [75, 55], [77, 180], [80, 210], [65, 2], [45, 33], [86, 80], [105, 125], [104, 152], [53, 16], [121, 97], [108, 98], [153, 233], [129, 121], [140, 79], [116, 76], [158, 200], [156, 166], [127, 113], [143, 137], [163, 79], [135, 91], [160, 194], [142, 68], [113, 94], [145, 138], [183, 221], [114, 139], [185, 66], [186, 183], [164, 161], [161, 60], [145, 47], [134, 158], [234, 224], [148, 226], [179, 136], [210, 204], [165, 38], [193, 162], [223, 178], [239, 195], [247, 170], [249, 165], [256, 167], [258, 198], [232, 186], [246, 134]]}