{"bonuses": [], "meta": {"created_at": "2021/07/12 12:51:46", "elapsed_s": 134.18198999999998, "git_commit": "2771c8ba8145eaa8035d5e86189de4ae37a4323d", "judge": {"dislikes": 7, "fit_in_hole": true, "gained_bonuses": [], "is_valid": true, "satisfy_stretch": true}, "solver": "OptunaAnnealingSolver", "parameters": {"initialize_pose_by_hole": 1, "T0": 14.711368284471991, "T1": 0.022825811397738496, "single_small_change_max_delta": 2, "shift_max_delta": 1, "slight_rotate_max_deg": 1.6482300502426495, "vote_pow": 4.700508967069545, "slide_protrusion_max_delta": 1.3939372030181156, "single_small_change_probability": 0.33549966618415716, "slight_rotate_probability": 0.9018895711092098, "shift_probability": 0.9044617843500325, "hop_grid_probability": 0.48060949729933816, "flip_probability": 0.17052635566142316, "slide_protrusion_probability": 0.5735838563009794, "protrusion_cost_coefficient0": 1.469225463046679, "protrusion_cost_coefficient1": 0.020879419337620712, "deformation_cost_coefficient": 9.570467497183587, "dislikes_cost_coefficient": 0.08170784010358105, "prohibit_unfeasible_after_feasible": 0}}, "vertices": [[28, 31], [19, 11], [15, 37], [23, 52], [42, 42], [28, 25], [15, 16], [2, 36], [11, 29], [39, 19], [65, 65], [64, 50], [84, 58], [55, 39], [16, 14], [38, 37], [35, 56], [77, 29], [41, 53], [64, 1], [69, 28], [42, 24], [19, 33], [51, 18], [38, 22], [57, 50], [58, 15], [39, 35], [68, 44], [51, 17], [49, 25], [27, 42], [44, 36], [37, 47], [45, 70], [40, 44], [52, 64], [44, 26], [49, 30], [50, 52], [39, 30], [47, 59], [50, 50], [72, 44], [22, 28], [42, 40], [36, 20], [41, 56], [46, 24], [28, 36], [27, 64], [32, 44], [38, 57], [25, 11], [45, 20], [25, 39], [69, 39], [1, 43], [15, 39], [40, 47], [48, 18], [73, 12], [28, 17], [5, 29], [42, 41], [23, 30], [48, 24], [37, 19], [17, 46], [49, 19], [35, 38], [28, 41], [63, 31], [42, 38], [47, 26], [51, 17], [26, 41], [25, 10], [28, 23], [6, 40], [73, 22], [61, 42], [17, 18], [10, 34], [36, 34], [22, 19], [57, 40], [29, 37]]}