{"bonuses": [], "meta": {"created_at": "2021/07/12 07:05:11", "elapsed_s": 136.517813, "git_commit": "2771c8ba8145eaa8035d5e86189de4ae37a4323d", "judge": {"dislikes": 9, "fit_in_hole": true, "gained_bonuses": [], "is_valid": true, "satisfy_stretch": true}, "solver": "OptunaAnnealingSolver", "parameters": {"initialize_pose_by_hole": 1, "T0": 23.524772660650513, "T1": 0.02061640316601978, "single_small_change_max_delta": 2, "shift_max_delta": 1, "slight_rotate_max_deg": 1.7374206877790699, "vote_pow": 4.851407222657078, "slide_protrusion_max_delta": 1.3260307319749218, "single_small_change_probability": 0.3565022158568913, "slight_rotate_probability": 0.9304361028712863, "shift_probability": 0.32804597647889366, "hop_grid_probability": 0.5622844103578469, "flip_probability": 0.08070039516020311, "slide_protrusion_probability": 0.5779125556754698, "protrusion_cost_coefficient0": 0.16467767179549683, "protrusion_cost_coefficient1": 0.02063357858886657, "deformation_cost_coefficient": 5.805018497856216, "dislikes_cost_coefficient": 0.0577794846428447, "prohibit_unfeasible_after_feasible": 0}}, "vertices": [[2, 36], [16, 52], [14, 44], [54, 54], [34, 63], [32, 46], [26, 61], [30, 65], [39, 61], [41, 42], [1, 44], [39, 12], [31, 26], [24, 33], [18, 41], [54, 55], [34, 41], [20, 55], [30, 52], [49, 36], [33, 25], [54, 63], [35, 49], [39, 18], [37, 27], [4, 30], [74, 12], [44, 39], [55, 62], [53, 56], [31, 30], [54, 13], [46, 36], [56, 40], [45, 47], [56, 40], [34, 48], [66, 34], [67, 55], [44, 19], [20, 10], [64, 1], [41, 22], [42, 11], [32, 43], [58, 36], [29, 42], [39, 26], [50, 59], [46, 48], [54, 64], [29, 31], [28, 17], [41, 23], [20, 23], [27, 64], [83, 57], [51, 60], [79, 53], [61, 37], [21, 37], [42, 51], [39, 45], [51, 28], [40, 18], [38, 40], [43, 15], [49, 62], [32, 36], [23, 36], [42, 23], [37, 41], [55, 36], [39, 20], [19, 55], [38, 48], [40, 40], [21, 29], [56, 31], [54, 27], [45, 69], [44, 49], [31, 17], [56, 47], [26, 29], [45, 63], [41, 45], [65, 64]]}