{"bonuses":[],"meta":{"created_at":"2021/07/12 10:42:03","elapsed_s":237.184409,"git_commit":"2771c8ba8145eaa8035d5e86189de4ae37a4323d","judge":{"dislikes":3091,"fit_in_hole":true,"gained_bonuses":[],"is_valid":true,"satisfy_stretch":true},"parameters":{"T0":1.1856090614097654,"T1":0.009911770649305552,"deformation_cost_coefficient":9.70388035132057,"dislikes_cost_coefficient":0.0014472436646592124,"flip_probability":0.5648881685710069,"hop_grid_probability":0.7568592432503835,"initialize_pose_by_hole":0,"prohibit_unfeasible_after_feasible":0,"protrusion_cost_coefficient0":0.7667151633012518,"protrusion_cost_coefficient1":0.06054868418280863,"shift_max_delta":1,"shift_probability":0.41469057969688394,"single_small_change_max_delta":1,"single_small_change_probability":0.8849748557139026,"slide_protrusion_max_delta":2.1468556743842933,"slide_protrusion_probability":0.7942211711372296,"slight_rotate_max_deg":2.745737883143922,"slight_rotate_probability":0.0930089197824375,"vote_pow":4.850821691036347},"solver":"OptunaAnnealingSolver"},"vertices":[[72,22],[72,27],[72,44],[68,44],[67,35],[69,38],[72,36],[78,91],[65,40],[63,40],[60,35],[79,80],[57,34],[65,64],[54,133],[102,20],[59,63],[104,24],[117,70],[109,34],[47,127],[31,117],[106,37],[105,48],[82,124],[35,114],[79,113],[106,69],[104,67],[87,59],[111,39],[99,51],[82,108],[103,47],[117,38],[96,50],[82,60],[96,66],[104,50],[74,136],[24,108],[93,63],[13,114],[22,104],[90,94],[77,114],[69,146],[18,117],[89,96],[102,76],[100,65],[13,123],[98,98],[68,132],[15,127],[100,85],[87,121],[17,121],[9,128],[15,118],[93,70],[94,109],[61,138],[96,112],[94,132],[104,133],[56,149],[75,131],[106,140],[95,124],[62,148],[85,128],[93,135],[65,129],[105,135],[36,158],[52,166],[111,140],[119,134],[55,165],[123,141],[71,120],[92,154],[129,133],[96,144],[119,151],[139,125],[93,145],[90,151],[122,146],[135,131],[78,152],[143,122],[86,148],[154,100],[88,150],[86,143],[85,152],[92,141],[96,138],[146,113],[143,114],[135,163],[138,159],[158,110],[92,163],[99,148],[163,114],[91,171],[104,151],[148,154],[149,157],[158,147]]}