{"bonuses": [], "meta": {"created_at": "2021/07/12 09:03:06", "elapsed_s": 302.95057299999996, "git_commit": "2771c8ba8145eaa8035d5e86189de4ae37a4323d", "judge": {"dislikes": 5079, "fit_in_hole": true, "gained_bonuses": [], "is_valid": true, "satisfy_stretch": true}, "solver": "OptunaAnnealingSolver", "parameters": {"initialize_pose_by_hole": 0, "T0": 1.0187676320740888, "T1": 0.004469056244512673, "single_small_change_max_delta": 1, "shift_max_delta": 1, "slight_rotate_max_deg": 2.889860191347302, "vote_pow": 4.912192745206269, "slide_protrusion_max_delta": 2.0585424687889606, "single_small_change_probability": 0.8230504247623953, "slight_rotate_probability": 0.04398693626897572, "shift_probability": 0.29916748620661443, "hop_grid_probability": 0.4830773287309607, "flip_probability": 0.47175883087627213, "slide_protrusion_probability": 0.6760814157535499, "protrusion_cost_coefficient0": 0.2730130200336997, "protrusion_cost_coefficient1": 0.09120147981783779, "deformation_cost_coefficient": 25.00344687433288, "dislikes_cost_coefficient": 0.00022533217395497403, "prohibit_unfeasible_after_feasible": 0}}, "vertices": [[29, 111], [31, 116], [43, 126], [42, 130], [22, 103], [21, 119], [19, 122], [67, 128], [22, 109], [24, 110], [17, 112], [57, 136], [14, 111], [50, 143], [72, 71], [26, 151], [46, 146], [30, 152], [52, 130], [45, 145], [67, 63], [56, 54], [45, 149], [47, 164], [75, 101], [56, 48], [80, 114], [56, 138], [54, 140], [71, 152], [37, 138], [42, 160], [86, 113], [47, 159], [42, 135], [41, 157], [74, 156], [62, 146], [50, 160], [77, 88], [60, 37], [66, 146], [71, 43], [64, 39], [84, 129], [74, 111], [86, 81], [74, 47], [84, 127], [69, 147], [61, 155], [82, 44], [77, 134], [83, 94], [86, 44], [63, 141], [67, 97], [84, 39], [74, 30], [84, 35], [71, 155], [81, 126], [82, 102], [79, 122], [79, 102], [86, 169], [112, 67], [96, 98], [85, 160], [88, 122], [106, 64], [99, 107], [98, 116], [95, 87], [98, 137], [113, 28], [107, 45], [105, 137], [98, 158], [110, 47], [106, 158], [105, 92], [147, 102], [90, 154], [156, 111], [105, 148], [102, 155], [152, 111], [145, 106], [101, 152], [95, 150], [109, 140], [106, 152], [102, 145], [116, 154], [146, 111], [148, 118], [146, 107], [143, 117], [147, 119], [112, 159], [111, 162], [119, 162], [118, 158], [124, 161], [125, 133], [144, 129], [128, 165], [120, 137], [146, 136], [129, 156], [133, 156], [131, 167]]}