{"bonuses": [], "meta": {"created_at": "2021/07/12 19:23:44", "elapsed_s": 224.206552, "git_commit": "63357edf0d76917e612009513db2af8ef7bd275f", "judge": {"dislikes": 2040, "fit_in_hole": true, "gained_bonuses": [], "is_valid": true, "satisfy_stretch": true}, "solver": "OptunaAnnealingSolver", "parameters": {"initialize_pose_by_hole": 0, "T0": 1.3658178035563995, "T1": 0.009185323473856633, "single_small_change_max_delta": 1, "shift_max_delta": 1, "slight_rotate_max_deg": 2.8566328522447177, "vote_pow": 5.543648511224544, "slide_protrusion_max_delta": 2.5155370284110488, "single_small_change_probability": 0.8931452136113959, "slight_rotate_probability": 0.059817525882490744, "shift_probability": 0.35786114177231027, "hop_grid_probability": 0.791782525113595, "flip_probability": 0.5746174530107382, "slide_protrusion_probability": 0.707413626400256, "protrusion_cost_coefficient0": 0.7633012593594737, "protrusion_cost_coefficient1": 0.04431542777871696, "deformation_cost_coefficient": 3.5786897396998385, "dislikes_cost_coefficient": 0.0019175689772636523, "prohibit_unfeasible_after_feasible": 0}}, "vertices": [[144, 119], [144, 124], [131, 136], [129, 132], [158, 121], [154, 119], [158, 118], [92, 115], [157, 115], [159, 114], [153, 110], [97, 128], [152, 107], [111, 140], [117, 63], [144, 132], [108, 135], [140, 133], [134, 165], [158, 139], [115, 54], [119, 32], [154, 137], [160, 141], [95, 84], [114, 36], [89, 97], [130, 155], [133, 154], [119, 142], [125, 135], [157, 134], [83, 101], [156, 129], [121, 132], [160, 133], [114, 144], [130, 146], [155, 126], [93, 71], [105, 29], [127, 143], [96, 17], [101, 27], [77, 114], [83, 92], [105, 72], [90, 17], [79, 113], [89, 130], [99, 138], [82, 21], [71, 113], [92, 77], [82, 17], [85, 123], [71, 96], [77, 21], [70, 11], [74, 23], [89, 136], [82, 115], [85, 81], [85, 112], [85, 92], [86, 144], [45, 69], [70, 82], [88, 151], [74, 114], [49, 65], [68, 93], [69, 103], [68, 71], [68, 127], [38, 33], [41, 49], [72, 134], [81, 165], [42, 52], [88, 168], [77, 74], [21, 97], [83, 156], [28, 106], [61, 136], [70, 153], [25, 108], [21, 101], [60, 143], [78, 159], [63, 130], [66, 156], [59, 136], [55, 168], [26, 115], [22, 123], [29, 117], [27, 113], [32, 112], [59, 153], [56, 152], [43, 144], [39, 146], [63, 162], [46, 126], [27, 123], [69, 162], [42, 120], [20, 126], [31, 151], [28, 149], [40, 149]]}