{"bonuses":[],"meta":{"created_at":"2021/07/12 05:56:35","elapsed_s":222.367584,"git_commit":"2771c8ba8145eaa8035d5e86189de4ae37a4323d","judge":{"dislikes":26631,"fit_in_hole":true,"gained_bonuses":[],"is_valid":true,"satisfy_stretch":true},"parameters":{"T0":22.07521769833742,"T1":0.0012836145017851297,"deformation_cost_coefficient":29.91056336241386,"dislikes_cost_coefficient":0.0040476596785443165,"flip_probability":0.5284302836540085,"hop_grid_probability":0.5870603944449929,"initialize_pose_by_hole":0,"prohibit_unfeasible_after_feasible":0,"protrusion_cost_coefficient0":1.1892639023372427,"protrusion_cost_coefficient1":0.017356739893353876,"shift_max_delta":2,"shift_probability":0.7693800520535954,"single_small_change_max_delta":2,"single_small_change_probability":0.7788489763148492,"slide_protrusion_max_delta":2.256278232866178,"slide_protrusion_probability":0.2475565951991828,"slight_rotate_max_deg":4.100253511910331,"slight_rotate_probability":0.2274661710136843,"vote_pow":4.925522437632826},"solver":"OptunaAnnealingSolver"},"vertices":[[161,95],[153,36],[162,23],[157,25],[99,205],[169,129],[81,199],[134,26],[78,189],[135,123],[119,126],[71,174],[129,5],[120,129],[105,134],[77,159],[102,20],[113,8],[85,144],[183,180],[75,140],[110,156],[95,150],[59,135],[81,22],[65,25],[120,146],[109,158],[43,132],[76,36],[32,145],[28,155],[91,53],[153,136],[19,172],[91,75],[129,109],[83,71],[95,78]]}