{"bonuses":[],"meta":{"created_at":"2021/07/12 11:11:50","elapsed_s":204.86372,"git_commit":"2771c8ba8145eaa8035d5e86189de4ae37a4323d","judge":{"dislikes":23084,"fit_in_hole":true,"gained_bonuses":[],"is_valid":true,"satisfy_stretch":true},"parameters":{"T0":20.872181178867912,"T1":0.018695177037448423,"deformation_cost_coefficient":37.635536440700875,"dislikes_cost_coefficient":0.0016655853206947254,"flip_probability":0.2668540434747962,"hop_grid_probability":0.5934795965638471,"initialize_pose_by_hole":0,"prohibit_unfeasible_after_feasible":0,"protrusion_cost_coefficient0":2.6414860305071373,"protrusion_cost_coefficient1":0.01364176027946019,"shift_max_delta":2,"shift_probability":0.35870780691422677,"single_small_change_max_delta":2,"single_small_change_probability":0.7667406562011854,"slide_protrusion_max_delta":2.6741185573908277,"slide_protrusion_probability":0.25421016115494527,"slight_rotate_max_deg":1.1838652973175916,"slight_rotate_probability":0.2952531294998191,"vote_pow":4.804525638586044},"solver":"OptunaAnnealingSolver"},"vertices":[[119,149],[75,189],[88,184],[83,182],[172,17],[151,135],[154,24],[65,170],[144,26],[126,115],[127,101],[129,34],[42,171],[124,101],[120,87],[123,49],[34,160],[26,174],[117,65],[183,177],[112,73],[148,85],[132,83],[95,71],[31,139],[29,123],[162,93],[146,90],[81,63],[44,126],[64,63],[55,57],[63,139],[176,124],[38,48],[71,158],[140,124],[84,144],[74,154]]}