{"bonuses":[],"meta":{"created_at":"2021/07/12 03:04:36","elapsed_s":60.278856,"git_commit":"2771c8ba8145eaa8035d5e86189de4ae37a4323d","judge":{"dislikes":1042,"fit_in_hole":true,"gained_bonuses":[],"is_valid":true,"satisfy_stretch":true},"parameters":{"T0":1.6590074974262783,"T1":0.005887928340403517,"deformation_cost_coefficient":4.763881185012747,"dislikes_cost_coefficient":0.012067827484482272,"flip_probability":0.8566455917535798,"hop_grid_probability":0.9257181079465281,"initialize_pose_by_hole":0,"prohibit_unfeasible_after_feasible":0,"protrusion_cost_coefficient0":0.24192032144452197,"protrusion_cost_coefficient1":0.01410437207844798,"shift_max_delta":3,"shift_probability":0.547824490339652,"single_small_change_max_delta":2,"single_small_change_probability":0.645085512332312,"slide_protrusion_max_delta":2.9229015465664476,"slide_protrusion_probability":0.6317566155891489,"slight_rotate_max_deg":3.9017266791901655,"slight_rotate_probability":0.4181438181640728,"vote_pow":4.878413090695701},"solver":"OptunaAnnealingSolver"},"vertices":[[45,92],[53,76],[58,75],[36,64],[32,53],[18,47],[84,61],[34,38],[29,40],[40,36],[40,22],[53,24],[89,20]]}