{"bonuses":[],"meta":{"created_at":"2021/07/12 11:52:50","elapsed_s":173.70153499999998,"git_commit":"2771c8ba8145eaa8035d5e86189de4ae37a4323d","judge":{"dislikes":117,"fit_in_hole":true,"gained_bonuses":[],"is_valid":true,"satisfy_stretch":true},"parameters":{"T0":22.2315876739219,"T1":0.006659822943558487,"deformation_cost_coefficient":19.80312562034997,"dislikes_cost_coefficient":0.05795987466136101,"flip_probability":0.7762276985501358,"hop_grid_probability":0.20241268182948557,"initialize_pose_by_hole":1,"prohibit_unfeasible_after_feasible":1,"protrusion_cost_coefficient0":0.14054333939850105,"protrusion_cost_coefficient1":0.003033301924212963,"shift_max_delta":3,"shift_probability":0.24370588076663552,"single_small_change_max_delta":2,"single_small_change_probability":0.9632235125891188,"slide_protrusion_max_delta":2.547208144207465,"slide_protrusion_probability":0.2765395828469605,"slight_rotate_max_deg":3.471952206368623,"slight_rotate_probability":0.0402074061442534,"vote_pow":4.587180573724489},"solver":"OptunaAnnealingSolver"},"vertices":[[46,28],[51,35],[49,35],[45,40],[55,40],[48,34],[73,60],[45,40],[36,38],[47,40],[55,31],[13,67],[54,46],[99,60],[61,41],[68,34],[116,18],[80,8],[128,26],[14,28],[99,66],[61,91],[55,75],[56,20],[108,1],[84,40],[28,37],[64,52],[69,26],[58,62],[55,42],[45,43],[93,47],[44,21],[63,42],[73,19],[73,38],[71,33],[23,28],[55,38],[33,66],[68,47],[51,33],[36,12],[3,18],[49,39],[60,45],[74,27],[85,54]]}