{"bonuses":[],"meta":{"created_at":"2021/07/12 06:27:03","elapsed_s":218.194843,"git_commit":"2771c8ba8145eaa8035d5e86189de4ae37a4323d","judge":{"dislikes":123,"fit_in_hole":true,"gained_bonuses":[],"is_valid":true,"satisfy_stretch":true},"parameters":{"T0":40.41633842232193,"T1":0.005299792543681767,"deformation_cost_coefficient":40.24357857546292,"dislikes_cost_coefficient":0.07707888243501433,"flip_probability":0.8510407322469213,"hop_grid_probability":0.14197541331612715,"initialize_pose_by_hole":1,"prohibit_unfeasible_after_feasible":1,"protrusion_cost_coefficient0":0.15163636124151628,"protrusion_cost_coefficient1":0.0017495450931504302,"shift_max_delta":3,"shift_probability":0.20522454539475335,"single_small_change_max_delta":2,"single_small_change_probability":0.9764379095981844,"slide_protrusion_max_delta":2.635032901488649,"slide_protrusion_probability":0.0902126739895053,"slight_rotate_max_deg":3.765446103216198,"slight_rotate_probability":0.04879070769924054,"vote_pow":3.531901783180582},"solver":"OptunaAnnealingSolver"},"vertices":[[40,41],[45,48],[47,44],[53,46],[64,28],[73,25],[2,18],[72,34],[63,32],[57,35],[65,44],[61,90],[58,44],[96,66],[55,36],[36,13],[129,26],[55,75],[58,40],[86,55],[115,18],[80,8],[61,44],[35,67],[107,1],[99,60],[75,18],[46,26],[52,16],[65,40],[51,37],[55,42],[14,28],[69,26],[44,35],[58,63],[62,23],[95,47],[79,59],[52,39],[48,29],[66,32],[46,39],[63,21],[13,67],[48,33],[59,28],[60,58],[89,61]]}