{"bonuses": [], "meta": {"created_at": "2021/07/12 01:41:49", "elapsed_s": 363.726277, "git_commit": "2771c8ba8145eaa8035d5e86189de4ae37a4323d", "judge": {"dislikes": 7657, "fit_in_hole": true, "gained_bonuses": [], "is_valid": true, "satisfy_stretch": true}, "solver": "OptunaAnnealingSolver", "parameters": {"initialize_pose_by_hole": 1, "T0": 4.5471772447516425, "T1": 0.001082784540584027, "single_small_change_max_delta": 3, "shift_max_delta": 2, "slight_rotate_max_deg": 4.173250165707755, "vote_pow": 4.835926474192754, "slide_protrusion_max_delta": 1.745871561264915, "single_small_change_probability": 0.5677180313427188, "slight_rotate_probability": 0.6031478700602918, "shift_probability": 0.14860401904174106, "hop_grid_probability": 0.9044689304638016, "flip_probability": 0.12759838842240956, "slide_protrusion_probability": 0.030211201118947748, "protrusion_cost_coefficient0": 2.559346988815834, "protrusion_cost_coefficient1": 0.014108302983594674, "deformation_cost_coefficient": 4.754459834951626, "dislikes_cost_coefficient": 0.001684850681244939, "prohibit_unfeasible_after_feasible": 0}}, "vertices": [[168, 160], [150, 148], [153, 149], [160, 188], [135, 161], [154, 168], [85, 65], [117, 151], [169, 207], [141, 183], [93, 128], [104, 80], [91, 88], [152, 204], [134, 161], [113, 128], [117, 91], [72, 90], [122, 145], [121, 127], [48, 83], [67, 88], [104, 108], [78, 82], [80, 109], [79, 102], [99, 68], [137, 109], [82, 105], [113, 125], [115, 83], [124, 38], [59, 108], [110, 110], [66, 105], [58, 111], [113, 91], [132, 117], [126, 72], [43, 128], [127, 64], [62, 131], [83, 98], [25, 62], [109, 87], [19, 147], [153, 54], [85, 99], [134, 90], [149, 52], [55, 155], [30, 105], [81, 71], [38, 142], [57, 85], [29, 31], [42, 162], [148, 83], [128, 66], [152, 68], [55, 187], [57, 102], [34, 60], [28, 88], [6, 71]]}