{"bonuses": [], "meta": {"created_at": "2021/07/12 20:22:39", "elapsed_s": 148.198971, "git_commit": "63357edf0d76917e612009513db2af8ef7bd275f", "judge": {"dislikes": 8478, "fit_in_hole": true, "gained_bonuses": [], "is_valid": true, "satisfy_stretch": true}, "solver": "OptunaAnnealingSolver", "parameters": {"initialize_pose_by_hole": 1, "T0": 1.1272342420218038, "T1": 0.007131468761174138, "single_small_change_max_delta": 2, "shift_max_delta": 2, "slight_rotate_max_deg": 1.9676689625443546, "vote_pow": 5.698207813765451, "slide_protrusion_max_delta": 2.9817241899510414, "single_small_change_probability": 0.6035678175844202, "slight_rotate_probability": 0.38708147706197293, "shift_probability": 0.6957733844729945, "hop_grid_probability": 0.3559301704580077, "flip_probability": 0.3049812545658231, "slide_protrusion_probability": 0.14244964821855938, "protrusion_cost_coefficient0": 0.12884267514287467, "protrusion_cost_coefficient1": 0.029476542506512896, "deformation_cost_coefficient": 1.0258022327378802, "dislikes_cost_coefficient": 0.0003638625725926836, "prohibit_unfeasible_after_feasible": 0}}, "vertices": [[57, 116], [52, 109], [50, 118], [56, 115], [31, 56], [21, 56], [22, 136], [40, 62], [34, 55], [169, 70], [161, 80], [26, 85], [174, 63], [6, 156], [169, 70], [31, 18], [82, 5], [6, 98], [28, 199], [21, 126], [145, 138], [210, 83], [35, 62], [67, 136], [156, 6], [51, 156], [62, 99], [189, 120], [74, 121], [108, 134], [94, 110], [59, 66], [68, 104], [86, 126], [98, 116], [106, 90], [112, 112], [145, 53], [140, 113], [106, 116], [171, 197], [112, 102], [112, 114], [134, 96], [64, 116], [114, 120], [110, 109], [116, 149], [116, 182]]}