{"bonuses":[],"meta":{"created_at":"2021/07/12 11:20:17","elapsed_s":235.203434,"git_commit":"2771c8ba8145eaa8035d5e86189de4ae37a4323d","judge":{"dislikes":9734,"fit_in_hole":true,"gained_bonuses":[],"is_valid":true,"satisfy_stretch":true},"parameters":{"T0":1.3913415746442805,"T1":0.014691996462133976,"deformation_cost_coefficient":1.4832261381779819,"dislikes_cost_coefficient":0.0008626621697462308,"flip_probability":0.5046953921414995,"hop_grid_probability":0.31533264790405785,"initialize_pose_by_hole":1,"prohibit_unfeasible_after_feasible":0,"protrusion_cost_coefficient0":0.21301427671479475,"protrusion_cost_coefficient1":0.04258917856121496,"shift_max_delta":1,"shift_probability":0.33579340539498315,"single_small_change_max_delta":2,"single_small_change_probability":0.7908652429920804,"slide_protrusion_max_delta":2.756019938447812,"slide_protrusion_probability":0.15654136091573984,"slight_rotate_max_deg":1.2989887259734625,"slight_rotate_probability":0.39911968104413165,"vote_pow":4.43182570359639},"solver":"OptunaAnnealingSolver"},"vertices":[[145,145],[136,146],[138,146],[144,143],[172,62],[165,56],[115,174],[163,57],[154,55],[23,62],[33,69],[184,120],[15,57],[114,198],[23,61],[145,87],[140,4],[206,81],[172,191],[143,111],[28,130],[52,80],[103,95],[117,135],[45,4],[142,152],[150,105],[11,91],[90,111],[89,106],[73,123],[163,79],[54,111],[104,124],[79,127],[103,103],[84,136],[66,51],[49,122],[82,120],[24,202],[74,134],[76,119],[61,96],[119,104],[71,122],[81,129],[46,137],[16,146]]}