{"bonuses":[],"meta":{"created_at":"2021/07/12 07:12:13","elapsed_s":171.644578,"git_commit":"","judge":{"dislikes":10096,"fit_in_hole":true,"gained_bonuses":[],"is_valid":true,"satisfy_stretch":true},"parameters":{"T0":1.0369293482306283,"T1":0.015758585017503095,"deformation_cost_coefficient":1.0389837173671688,"dislikes_cost_coefficient":0.00037380066674466954,"flip_probability":0.622055469773613,"hop_grid_probability":0.5652883282254669,"initialize_pose_by_hole":1,"prohibit_unfeasible_after_feasible":0,"protrusion_cost_coefficient0":0.3373047584500203,"protrusion_cost_coefficient1":0.05367185614076118,"shift_max_delta":1,"shift_probability":0.7985875396420647,"single_small_change_max_delta":2,"single_small_change_probability":0.5443114043033681,"slide_protrusion_max_delta":2.7655092181704104,"slide_protrusion_probability":0.2847503606445943,"slight_rotate_max_deg":1.621544630519831,"slight_rotate_probability":0.26843040673404855,"vote_pow":4.896396449224478},"solver":"OptunaAnnealingSolver"},"vertices":[[42,63],[35,57],[44,55],[40,50],[44,149],[49,157],[9,92],[43,158],[40,150],[201,79],[190,84],[26,8],[192,75],[77,7],[184,73],[8,157],[110,123],[23,203],[34,146],[16,51],[155,130],[191,117],[38,179],[63,63],[154,26],[74,121],[25,139],[163,85],[56,93],[59,105],[74,108],[164,181],[72,138],[104,95],[81,112],[62,115],[77,126],[147,77],[122,95],[89,108],[116,187],[86,123],[95,111],[122,115],[142,137],[101,113],[91,117],[123,127],[146,150]]}