{"bonuses":[],"meta":{"created_at":"2021/07/12 08:21:48","elapsed_s":616.258121,"git_commit":"2771c8ba8145eaa8035d5e86189de4ae37a4323d","judge":{"dislikes":6741,"fit_in_hole":true,"gained_bonuses":[],"is_valid":true,"satisfy_stretch":true},"parameters":{"T0":5.467696146289309,"T1":0.005666204401160433,"deformation_cost_coefficient":2.3169970625217324,"dislikes_cost_coefficient":0.0002637263145846394,"flip_probability":0.3371592470315202,"hop_grid_probability":0.07146406957516893,"initialize_pose_by_hole":0,"prohibit_unfeasible_after_feasible":0,"protrusion_cost_coefficient0":0.7400118349398855,"protrusion_cost_coefficient1":0.04066495628722975,"shift_max_delta":1,"shift_probability":0.5419130262310038,"single_small_change_max_delta":3,"single_small_change_probability":0.20673280754422768,"slide_protrusion_max_delta":1.902277145348458,"slide_protrusion_probability":0.06305682040873409,"slight_rotate_max_deg":3.6785744344854203,"slight_rotate_probability":0.36003898873094803,"vote_pow":4.416337133030993},"solver":"OptunaAnnealingSolver"},"vertices":[[66,35],[63,31],[77,19],[77,23],[74,6],[67,21],[63,20],[102,39],[70,10],[68,10],[73,15],[91,44],[75,17],[95,19],[45,44],[118,21],[99,23],[114,19],[94,36],[103,9],[36,44],[16,50],[107,8],[115,5],[74,44],[18,45],[60,40],[93,27],[95,25],[79,22],[103,28],[110,10],[63,46],[115,12],[99,31],[108,12],[80,17],[85,31],[117,9],[62,43],[28,43],[83,28],[14,44],[32,42],[76,57],[60,63],[52,51],[19,45],[76,55],[89,39],[76,36],[15,53],[85,51],[61,41],[18,56],[82,36],[47,71],[10,51],[2,43],[13,48],[68,37],[83,60],[52,37],[87,59],[61,68],[119,65],[70,79],[63,49],[111,68],[95,51],[66,83],[74,50],[83,48],[64,59],[105,67],[36,97],[53,92],[99,70],[99,62],[52,89],[102,56],[55,59],[85,112],[107,64],[95,103],[87,65],[96,70],[94,106],[86,108],[88,71],[110,69],[83,70],[100,67],[75,69],[88,56],[87,109],[79,113],[89,112],[95,99],[100,100],[95,59],[97,57],[104,73],[108,72],[85,65],[99,74],[104,92],[85,71],[95,67],[105,85],[116,65],[113,64],[124,73]]}