{"bonuses":[],"meta":{"created_at":"2021/07/12 08:18:29","elapsed_s":268.626176,"git_commit":"2771c8ba8145eaa8035d5e86189de4ae37a4323d","judge":{"dislikes":5912,"fit_in_hole":true,"gained_bonuses":[],"is_valid":true,"satisfy_stretch":true},"parameters":{"T0":1.666936932487493,"T1":0.0057498573212757245,"deformation_cost_coefficient":5.407670114806889,"dislikes_cost_coefficient":0.003828346976445546,"flip_probability":0.7688170635860813,"hop_grid_probability":0.5654316747159853,"initialize_pose_by_hole":0,"prohibit_unfeasible_after_feasible":0,"protrusion_cost_coefficient0":0.1556991410840757,"protrusion_cost_coefficient1":0.05152245326166347,"shift_max_delta":3,"shift_probability":0.5646846602299367,"single_small_change_max_delta":2,"single_small_change_probability":0.713484223577254,"slide_protrusion_max_delta":1.5200451442501608,"slide_protrusion_probability":0.10519504498897385,"slight_rotate_max_deg":2.134624994408485,"slight_rotate_probability":0.2574203817639683,"vote_pow":4.795492787114746},"solver":"OptunaAnnealingSolver"},"vertices":[[54,82],[47,79],[28,75],[22,80],[58,70],[52,75],[41,74],[34,71],[17,74],[68,61],[61,63],[49,70],[43,68],[30,65],[24,70],[68,54],[55,59],[50,63],[39,61],[32,58],[64,48],[59,54],[48,56],[41,55],[30,51],[23,54],[62,40],[56,46],[50,48],[42,47],[36,45],[30,50],[64,33],[59,39],[52,41],[46,40],[40,39],[35,44],[66,26],[59,31],[52,34],[41,35],[34,35],[70,20],[64,25],[49,28],[42,27],[29,30],[22,30],[60,18],[55,24],[37,21],[30,23],[17,24],[49,21],[43,16],[25,18],[18,16]]}