{"bonuses": [], "meta": {"created_at": "2021/07/12 08:13:01", "elapsed_s": 336.52527699999996, "git_commit": "2771c8ba8145eaa8035d5e86189de4ae37a4323d", "judge": {"dislikes": 9754, "fit_in_hole": true, "gained_bonuses": [], "is_valid": true, "satisfy_stretch": true}, "solver": "OptunaAnnealingSolver", "parameters": {"initialize_pose_by_hole": 0, "T0": 1.8576544421178611, "T1": 0.003989065262692759, "single_small_change_max_delta": 2, "shift_max_delta": 3, "slight_rotate_max_deg": 2.8793795145983085, "vote_pow": 4.1226793338481365, "slide_protrusion_max_delta": 2.014111691191542, "single_small_change_probability": 0.9218765472129656, "slight_rotate_probability": 0.3418525685079062, "shift_probability": 0.0990246793981102, "hop_grid_probability": 0.4058250033695712, "flip_probability": 0.42601271987698314, "slide_protrusion_probability": 0.2762375488384511, "protrusion_cost_coefficient0": 0.12908128535887528, "protrusion_cost_coefficient1": 0.004358545147013245, "deformation_cost_coefficient": 10.533597400149562, "dislikes_cost_coefficient": 0.0007193930827378485, "prohibit_unfeasible_after_feasible": 0}}, "vertices": [[35, 6], [4, 35], [57, 18], [55, 34], [16, 45], [21, 44], [50, 40], [58, 165], [61, 126], [56, 126], [50, 63], [49, 43], [47, 159], [52, 137], [64, 111], [36, 57], [60, 107], [45, 111], [41, 61], [102, 42], [33, 178], [58, 93], [62, 95], [56, 102], [53, 105], [95, 52], [67, 96], [57, 89], [89, 63], [85, 52], [79, 56], [28, 102], [64, 75], [32, 96], [33, 91], [37, 87], [26, 111], [76, 71], [81, 80], [67, 44], [26, 77], [87, 71], [13, 100], [110, 81], [92, 104], [147, 159], [126, 158], [109, 71], [131, 154], [108, 97], [121, 73], [137, 149], [139, 145], [112, 57], [137, 139], [141, 142], [134, 6], [131, 141], [140, 80], [134, 112], [188, 180], [138, 125], [148, 92], [115, 34], [122, 19], [128, 120], [147, 115], [146, 104], [115, 41], [116, 14], [113, 34], [140, 110], [143, 100], [154, 58], [193, 158], [173, 163], [163, 137], [157, 128], [170, 96], [154, 50], [162, 122], [176, 96], [183, 158], [183, 106], [169, 123], [189, 103], [192, 99], [190, 120], [175, 39], [207, 89], [188, 27], [173, 34]]}