{"bonuses": [], "meta": {"created_at": "2021/07/12 20:16:16", "elapsed_s": 219.70466199999998, "git_commit": "63357edf0d76917e612009513db2af8ef7bd275f", "judge": {"dislikes": 8728, "fit_in_hole": true, "gained_bonuses": [], "is_valid": true, "satisfy_stretch": true}, "solver": "OptunaAnnealingSolver", "parameters": {"initialize_pose_by_hole": 0, "T0": 1.427657733807864, "T1": 0.0028223375181763407, "single_small_change_max_delta": 2, "shift_max_delta": 3, "slight_rotate_max_deg": 3.178222007014259, "vote_pow": 5.555188892889683, "slide_protrusion_max_delta": 2.1026289379720495, "single_small_change_probability": 0.5162152232867937, "slight_rotate_probability": 0.25900945895432503, "shift_probability": 0.08439820639684789, "hop_grid_probability": 0.49714326746984094, "flip_probability": 0.5095628931793178, "slide_protrusion_probability": 0.07949100952696204, "protrusion_cost_coefficient0": 0.1341517622135244, "protrusion_cost_coefficient1": 0.00360899393551688, "deformation_cost_coefficient": 4.100966018228814, "dislikes_cost_coefficient": 0.0008244301353547248, "prohibit_unfeasible_after_feasible": 0}}, "vertices": [[19, 16], [64, 9], [8, 38], [22, 47], [59, 23], [56, 27], [28, 52], [55, 164], [64, 130], [59, 131], [42, 72], [38, 49], [43, 161], [54, 142], [64, 114], [51, 47], [33, 120], [47, 118], [47, 52], [49, 55], [30, 181], [45, 110], [50, 112], [57, 110], [62, 109], [56, 65], [46, 109], [62, 92], [58, 54], [64, 51], [65, 45], [13, 101], [66, 77], [19, 98], [24, 99], [21, 96], [16, 92], [78, 67], [78, 60], [81, 48], [37, 90], [89, 64], [24, 76], [86, 104], [108, 90], [126, 154], [126, 157], [111, 59], [131, 152], [102, 107], [121, 65], [141, 152], [137, 143], [103, 44], [132, 139], [128, 137], [109, 3], [138, 140], [136, 78], [131, 112], [155, 184], [125, 117], [143, 92], [116, 25], [125, 11], [125, 106], [146, 115], [144, 104], [115, 32], [131, 6], [121, 27], [137, 107], [132, 116], [157, 60], [176, 176], [168, 165], [162, 138], [158, 128], [164, 96], [163, 59], [152, 128], [171, 96], [179, 164], [190, 121], [154, 135], [191, 114], [195, 112], [193, 98], [173, 36], [201, 90], [187, 25], [172, 31]]}