{"bonuses":[],"meta":{"created_at":"2021/07/12 14:27:30","elapsed_s":95.571512,"git_commit":"2771c8ba8145eaa8035d5e86189de4ae37a4323d","judge":{"dislikes":9912,"fit_in_hole":true,"gained_bonuses":[],"is_valid":true,"satisfy_stretch":true},"parameters":{"T0":8.766547871400034,"T1":0.0016889426651441803,"deformation_cost_coefficient":4.517489203025983,"dislikes_cost_coefficient":0.0009172988150367148,"flip_probability":0.518681343166226,"hop_grid_probability":0.004319189253132475,"initialize_pose_by_hole":0,"prohibit_unfeasible_after_feasible":0,"protrusion_cost_coefficient0":0.6790889370611171,"protrusion_cost_coefficient1":0.030875188330678163,"shift_max_delta":2,"shift_probability":0.6867091873675978,"single_small_change_max_delta":3,"single_small_change_probability":0.7457061295064153,"slide_protrusion_max_delta":1.733698498584043,"slide_protrusion_probability":0.3941173381470798,"slight_rotate_max_deg":3.626271292358192,"slight_rotate_probability":0.35061656912046424,"vote_pow":4.477681528074901},"solver":"OptunaAnnealingSolver"},"vertices":[[12,46],[16,29],[21,27],[62,56],[57,44],[55,28],[103,80],[70,35],[65,36],[71,48],[85,41],[95,33],[42,98]]}