{"bonuses": [], "meta": {"created_at": "2021/07/12 06:54:39", "elapsed_s": 112.855718, "git_commit": "2771c8ba8145eaa8035d5e86189de4ae37a4323d", "judge": {"dislikes": 9920, "fit_in_hole": true, "gained_bonuses": [], "is_valid": true, "satisfy_stretch": true}, "solver": "OptunaAnnealingSolver", "parameters": {"initialize_pose_by_hole": 1, "T0": 10.736209056873065, "T1": 0.009707753259335816, "single_small_change_max_delta": 3, "shift_max_delta": 2, "slight_rotate_max_deg": 2.502835028676877, "vote_pow": 4.861008106393303, "slide_protrusion_max_delta": 2.826715431690729, "single_small_change_probability": 0.742642462688238, "slight_rotate_probability": 0.39141652339422406, "shift_probability": 0.21339381350440895, "hop_grid_probability": 0.6786540666310266, "flip_probability": 0.16972503285589546, "slide_protrusion_probability": 0.2963582927963609, "protrusion_cost_coefficient0": 0.892330196134972, "protrusion_cost_coefficient1": 0.019861891064563344, "deformation_cost_coefficient": 3.932785765161148, "dislikes_cost_coefficient": 0.0013474246912400414, "prohibit_unfeasible_after_feasible": 0}}, "vertices": [[12, 46], [16, 29], [21, 27], [60, 59], [58, 46], [55, 30], [103, 79], [70, 36], [65, 36], [72, 46], [85, 39], [95, 32], [42, 98]]}