{"bonuses":[],"meta":{"created_at":"2021/07/12 18:56:45","elapsed_s":54.835423,"git_commit":"63357edf0d76917e612009513db2af8ef7bd275f","judge":{"dislikes":9910,"fit_in_hole":true,"gained_bonuses":[],"is_valid":true,"satisfy_stretch":true},"parameters":{"T0":3.451320308966142,"T1":0.0017540923039176893,"deformation_cost_coefficient":3.5234434913067716,"dislikes_cost_coefficient":0.0009606390033432129,"flip_probability":0.4390855191851256,"hop_grid_probability":0.48420946135569287,"initialize_pose_by_hole":0,"prohibit_unfeasible_after_feasible":0,"protrusion_cost_coefficient0":0.8276804138718342,"protrusion_cost_coefficient1":0.03112093881892675,"shift_max_delta":2,"shift_probability":0.7243045644805538,"single_small_change_max_delta":3,"single_small_change_probability":0.7679020870817038,"slide_protrusion_max_delta":1.2031690356265519,"slide_protrusion_probability":0.42798440833446594,"slight_rotate_max_deg":3.57840464356169,"slight_rotate_probability":0.34442347845494614,"vote_pow":5.070187671448739},"solver":"OptunaAnnealingSolver"},"vertices":[[12,47],[16,30],[21,28],[61,57],[57,45],[55,29],[103,79],[70,36],[65,37],[74,47],[85,37],[95,32],[40,98]]}