{"bonuses": [], "meta": {"created_at": "2021/07/12 08:10:14", "elapsed_s": 313.096344, "git_commit": "2771c8ba8145eaa8035d5e86189de4ae37a4323d", "judge": {"dislikes": 84874, "fit_in_hole": true, "gained_bonuses": [], "is_valid": true, "satisfy_stretch": true}, "solver": "OptunaAnnealingSolver", "parameters": {"initialize_pose_by_hole": 0, "T0": 2.4721927477193124, "T1": 0.00659885281030542, "single_small_change_max_delta": 1, "shift_max_delta": 2, "slight_rotate_max_deg": 1.894902808182777, "vote_pow": 4.502960678400606, "slide_protrusion_max_delta": 1.35612858988226, "single_small_change_probability": 0.6963827940708527, "slight_rotate_probability": 0.4868099585459706, "shift_probability": 0.6115989978162588, "hop_grid_probability": 0.11518982418090805, "flip_probability": 0.09116529583403261, "slide_protrusion_probability": 0.6019442712811283, "protrusion_cost_coefficient0": 0.45669079495546244, "protrusion_cost_coefficient1": 0.013145900242129223, "deformation_cost_coefficient": 37.24918337414659, "dislikes_cost_coefficient": 0.0002648666102848349, "prohibit_unfeasible_after_feasible": 0}}, "vertices": [[107, 94], [110, 89], [100, 87], [85, 92], [104, 78], [67, 88], [54, 97], [53, 99], [90, 84], [58, 88], [56, 93], [100, 69], [52, 92], [41, 87], [39, 88], [92, 67], [52, 83], [47, 85], [103, 59], [85, 70], [44, 84], [99, 58], [54, 76], [72, 67], [33, 57], [31, 58], [42, 56], [68, 53], [36, 54], [29, 42], [28, 40], [40, 52], [33, 52], [32, 43], [37, 48], [29, 34], [35, 44], [65, 42], [54, 43]]}