{"bonuses": [], "meta": {"created_at": "2021/07/12 15:10:18", "elapsed_s": 289.469336, "git_commit": "2771c8ba8145eaa8035d5e86189de4ae37a4323d", "judge": {"dislikes": 84482, "fit_in_hole": true, "gained_bonuses": [], "is_valid": true, "satisfy_stretch": true}, "solver": "OptunaAnnealingSolver", "parameters": {"initialize_pose_by_hole": 0, "T0": 1.9421040558560925, "T1": 0.006306138924055888, "single_small_change_max_delta": 1, "shift_max_delta": 2, "slight_rotate_max_deg": 1.1445499775907557, "vote_pow": 4.6149000612922695, "slide_protrusion_max_delta": 1.001434206111741, "single_small_change_probability": 0.8494587819551804, "slight_rotate_probability": 0.5524474186213719, "shift_probability": 0.8979742351470347, "hop_grid_probability": 0.09426277142150168, "flip_probability": 0.02144008748914074, "slide_protrusion_probability": 0.5604486949652677, "protrusion_cost_coefficient0": 0.24039785449942316, "protrusion_cost_coefficient1": 0.011241154135158983, "deformation_cost_coefficient": 26.57896780060925, "dislikes_cost_coefficient": 0.0004766466333191173, "prohibit_unfeasible_after_feasible": 0}}, "vertices": [[107, 94], [107, 88], [98, 89], [83, 94], [100, 79], [66, 87], [53, 96], [52, 98], [87, 86], [57, 87], [55, 92], [99, 69], [51, 91], [40, 86], [38, 87], [91, 67], [51, 82], [46, 84], [102, 59], [84, 70], [44, 84], [98, 58], [53, 75], [75, 61], [27, 58], [25, 59], [37, 58], [62, 52], [31, 56], [24, 43], [23, 41], [35, 54], [31, 56], [27, 44], [32, 50], [26, 36], [32, 46], [62, 40], [50, 39]]}