{"bonuses":[],"meta":{"created_at":"2021/07/12 12:23:15","elapsed_s":267.851055,"git_commit":"2771c8ba8145eaa8035d5e86189de4ae37a4323d","judge":{"dislikes":935,"fit_in_hole":true,"gained_bonuses":[],"is_valid":true,"satisfy_stretch":true},"parameters":{"T0":1.2050636406398518,"T1":0.01106545983406585,"deformation_cost_coefficient":34.77328513197796,"dislikes_cost_coefficient":0.010709578962806091,"flip_probability":0.7242496841488218,"hop_grid_probability":0.9521069970900387,"initialize_pose_by_hole":0,"prohibit_unfeasible_after_feasible":0,"protrusion_cost_coefficient0":6.546881354907604,"protrusion_cost_coefficient1":0.0013012369684088038,"shift_max_delta":3,"shift_probability":0.047170774167840115,"single_small_change_max_delta":2,"single_small_change_probability":0.6662409546205637,"slide_protrusion_max_delta":1.573552469282958,"slide_protrusion_probability":0.5162405120496607,"slight_rotate_max_deg":4.999236179269476,"slight_rotate_probability":0.295591449101382,"vote_pow":4.331593402130367},"solver":"OptunaAnnealingSolver"},"vertices":[[9,92],[38,138],[6,80],[34,136],[10,79],[12,149],[18,80],[17,148],[23,134],[16,89],[22,138],[28,129],[25,132],[45,72],[38,105],[42,111],[73,145],[71,152],[21,9],[74,138],[49,86],[60,107],[53,45],[11,8],[31,13],[46,19],[73,134],[64,49],[78,125],[21,12],[68,79],[63,84],[70,57],[74,53],[72,9],[73,6],[74,80],[65,79],[77,61],[69,12],[64,21],[77,75],[71,80],[65,14],[66,25],[81,64],[65,11],[84,67],[85,68],[82,72],[75,75],[81,64],[148,148],[144,152],[87,73],[81,77],[84,68],[143,145],[98,14],[90,65],[82,60],[92,73],[88,78],[86,36],[111,113],[92,20],[88,58],[155,155],[91,78],[95,77],[153,146],[95,6],[95,49],[98,15],[108,80],[155,59],[123,59],[119,76],[141,84],[146,41],[151,51],[130,79],[144,82],[140,34],[128,88],[131,83],[144,31],[129,82],[128,88],[143,80],[148,26],[147,79],[148,80],[152,80],[149,12],[154,8]]}