{"bonuses": [], "meta": {"created_at": "2021/07/12 08:05:11", "elapsed_s": 278.739266, "git_commit": "2771c8ba8145eaa8035d5e86189de4ae37a4323d", "judge": {"dislikes": 1079, "fit_in_hole": true, "gained_bonuses": [], "is_valid": true, "satisfy_stretch": true}, "solver": "OptunaAnnealingSolver", "parameters": {"initialize_pose_by_hole": 0, "T0": 2.187104638655955, "T1": 0.0012046447485683173, "single_small_change_max_delta": 2, "shift_max_delta": 3, "slight_rotate_max_deg": 4.824528666347808, "vote_pow": 4.2228942502337565, "slide_protrusion_max_delta": 2.970116579417608, "single_small_change_probability": 0.549235604174319, "slight_rotate_probability": 0.573834005830951, "shift_probability": 0.2067088737483373, "hop_grid_probability": 0.06745605816622113, "flip_probability": 0.9466958797335726, "slide_protrusion_probability": 0.4952463383699324, "protrusion_cost_coefficient0": 5.968447203981311, "protrusion_cost_coefficient1": 0.0015411351726743055, "deformation_cost_coefficient": 8.357569118685088, "dislikes_cost_coefficient": 0.014270772198164566, "prohibit_unfeasible_after_feasible": 0}}, "vertices": [[8, 93], [11, 133], [6, 80], [16, 133], [10, 79], [12, 141], [16, 80], [11, 145], [21, 124], [13, 90], [20, 128], [27, 126], [25, 130], [45, 72], [44, 106], [44, 113], [78, 127], [75, 134], [22, 17], [74, 134], [61, 90], [59, 108], [56, 49], [15, 11], [32, 20], [47, 26], [71, 152], [67, 52], [64, 144], [25, 15], [83, 77], [76, 81], [75, 58], [76, 45], [70, 9], [73, 7], [83, 71], [82, 79], [82, 54], [70, 13], [65, 22], [84, 66], [83, 73], [69, 17], [67, 26], [86, 56], [67, 15], [88, 53], [87, 61], [83, 61], [86, 69], [89, 57], [148, 141], [151, 145], [86, 65], [92, 70], [91, 51], [141, 142], [95, 6], [90, 45], [95, 56], [92, 68], [97, 65], [85, 37], [110, 111], [92, 16], [91, 51], [155, 155], [93, 73], [98, 71], [150, 148], [103, 11], [100, 47], [99, 21], [109, 70], [155, 60], [122, 58], [119, 75], [132, 92], [146, 45], [155, 51], [130, 77], [133, 89], [143, 36], [134, 86], [138, 83], [146, 32], [139, 83], [137, 88], [144, 79], [146, 25], [148, 80], [149, 80], [153, 80], [150, 13], [154, 8]]}