{"bonuses": [], "meta": {"created_at": "2021/07/12 06:50:10", "elapsed_s": 181.720093, "git_commit": "2771c8ba8145eaa8035d5e86189de4ae37a4323d", "judge": {"dislikes": 14601, "fit_in_hole": true, "gained_bonuses": [], "is_valid": true, "satisfy_stretch": true}, "solver": "OptunaAnnealingSolver", "parameters": {"initialize_pose_by_hole": 0, "T0": 3.9809287145176873, "T1": 0.06911787075263874, "single_small_change_max_delta": 1, "shift_max_delta": 1, "slight_rotate_max_deg": 2.6273068509750876, "vote_pow": 3.692498330369294, "slide_protrusion_max_delta": 1.055442150038807, "single_small_change_probability": 0.046766457802241666, "slight_rotate_probability": 0.8904934408799379, "shift_probability": 0.7939822339127484, "hop_grid_probability": 0.6272454360830989, "flip_probability": 0.6235166098395972, "slide_protrusion_probability": 0.5793083757923635, "protrusion_cost_coefficient0": 0.5560689241201551, "protrusion_cost_coefficient1": 0.025122027359885283, "deformation_cost_coefficient": 22.775900424348848, "dislikes_cost_coefficient": 0.013526745388905392, "prohibit_unfeasible_after_feasible": 0}}, "vertices": [[54, 125], [59, 131], [20, 32], [53, 112], [19, 109], [56, 118], [20, 28], [61, 124], [24, 111], [43, 108], [33, 107], [19, 114], [66, 129], [43, 65], [61, 114], [24, 116], [37, 55], [79, 28], [64, 118], [67, 122], [59, 78], [79, 24], [47, 112], [35, 113], [29, 40], [87, 102], [79, 104], [83, 111], [90, 105], [76, 60], [76, 55], [69, 110], [51, 59], [45, 55], [82, 38], [80, 109], [88, 110], [88, 100], [89, 97], [28, 47], [74, 104], [20, 48], [83, 57], [85, 51], [90, 35], [69, 67], [95, 29], [68, 76]]}