{"bonuses": [], "meta": {"created_at": "2021/07/12 19:46:46", "elapsed_s": 196.734772, "git_commit": "63357edf0d76917e612009513db2af8ef7bd275f", "judge": {"dislikes": 13831, "fit_in_hole": true, "gained_bonuses": [], "is_valid": true, "satisfy_stretch": true}, "solver": "OptunaAnnealingSolver", "parameters": {"initialize_pose_by_hole": 0, "T0": 2.106061344812355, "T1": 0.07974076344335251, "single_small_change_max_delta": 1, "shift_max_delta": 1, "slight_rotate_max_deg": 1.287868885872064, "vote_pow": 5.471388608488891, "slide_protrusion_max_delta": 2.26847857351873, "single_small_change_probability": 0.5124282275402644, "slight_rotate_probability": 0.7922611816066207, "shift_probability": 0.9150340020446943, "hop_grid_probability": 0.5967828641037678, "flip_probability": 0.9507629542943407, "slide_protrusion_probability": 0.28444305399852393, "protrusion_cost_coefficient0": 0.42183715275045397, "protrusion_cost_coefficient1": 0.001016572907818539, "deformation_cost_coefficient": 73.88180264872287, "dislikes_cost_coefficient": 0.006191350219346375, "prohibit_unfeasible_after_feasible": 0}}, "vertices": [[53, 124], [57, 131], [21, 32], [53, 111], [18, 113], [56, 117], [21, 28], [60, 124], [23, 115], [42, 111], [33, 114], [20, 109], [64, 129], [44, 67], [61, 114], [25, 111], [38, 57], [82, 24], [63, 118], [65, 122], [61, 77], [82, 20], [47, 109], [35, 108], [30, 41], [91, 119], [80, 107], [89, 105], [89, 115], [74, 56], [76, 51], [69, 111], [51, 60], [45, 56], [78, 33], [80, 102], [88, 100], [89, 110], [90, 113], [29, 48], [73, 103], [21, 48], [83, 56], [86, 50], [86, 35], [70, 66], [93, 32], [68, 75]]}