{"bonuses": [], "meta": {"created_at": "2021/07/12 20:45:19", "elapsed_s": 214.812523, "git_commit": "63357edf0d76917e612009513db2af8ef7bd275f", "judge": {"dislikes": 13782, "fit_in_hole": true, "gained_bonuses": [], "is_valid": true, "satisfy_stretch": true}, "solver": "OptunaAnnealingSolver", "parameters": {"initialize_pose_by_hole": 0, "T0": 1.7905644866029478, "T1": 0.07162334943360983, "single_small_change_max_delta": 1, "shift_max_delta": 2, "slight_rotate_max_deg": 1.1307267811979231, "vote_pow": 7.2123944845822034, "slide_protrusion_max_delta": 2.2819819175060596, "single_small_change_probability": 0.49306575557458837, "slight_rotate_probability": 0.7790463441048451, "shift_probability": 0.9410913557393924, "hop_grid_probability": 0.6157231924304848, "flip_probability": 0.963585645178462, "slide_protrusion_probability": 0.2861211620187775, "protrusion_cost_coefficient0": 0.38869417355707087, "protrusion_cost_coefficient1": 0.001000861790049088, "deformation_cost_coefficient": 67.58052937095106, "dislikes_cost_coefficient": 0.004850483780097633, "prohibit_unfeasible_after_feasible": 0}}, "vertices": [[49, 123], [53, 130], [22, 29], [48, 111], [18, 120], [51, 117], [20, 26], [56, 123], [19, 115], [38, 113], [28, 112], [18, 116], [60, 128], [43, 64], [56, 113], [20, 111], [35, 56], [75, 29], [58, 117], [61, 121], [57, 78], [77, 26], [42, 108], [30, 107], [29, 39], [91, 122], [76, 109], [86, 108], [89, 118], [75, 61], [77, 56], [64, 110], [50, 59], [43, 56], [79, 38], [78, 104], [86, 103], [87, 113], [88, 116], [27, 46], [71, 105], [19, 46], [83, 61], [86, 55], [87, 39], [68, 68], [92, 33], [71, 77]]}