{"bonuses":[],"meta":{"created_at":"2021/07/12 14:42:08","elapsed_s":128.124408,"git_commit":"2771c8ba8145eaa8035d5e86189de4ae37a4323d","judge":{"dislikes":38388,"fit_in_hole":true,"gained_bonuses":[],"is_valid":true,"satisfy_stretch":true},"parameters":{"T0":1.5999092655806892,"T1":0.004519731950028283,"deformation_cost_coefficient":1.1880025011373687,"dislikes_cost_coefficient":0.00018102635033304245,"flip_probability":0.19601245294581854,"hop_grid_probability":0.15862994132058789,"initialize_pose_by_hole":0,"prohibit_unfeasible_after_feasible":0,"protrusion_cost_coefficient0":0.39881545344281016,"protrusion_cost_coefficient1":0.09048452773274782,"shift_max_delta":2,"shift_probability":0.7481802018923502,"single_small_change_max_delta":2,"single_small_change_probability":0.4873992215482472,"slide_protrusion_max_delta":2.92580846664072,"slide_protrusion_probability":0.854821535891859,"slight_rotate_max_deg":1.4811247847970517,"slight_rotate_probability":0.6822260919138547,"vote_pow":2.416601776788601},"solver":"OptunaAnnealingSolver"},"vertices":[[98,58],[93,50],[28,84],[71,31],[72,43],[47,62],[21,92],[79,38],[81,37],[80,26],[39,70],[71,33],[71,33],[71,22],[60,33],[48,62],[32,97],[41,95],[44,28],[38,35]]}