{"bonuses":[],"meta":{"created_at":"2021/07/12 07:00:35","elapsed_s":129.269656,"git_commit":"2771c8ba8145eaa8035d5e86189de4ae37a4323d","judge":{"dislikes":43005,"fit_in_hole":true,"gained_bonuses":[],"is_valid":true,"satisfy_stretch":true},"parameters":{"T0":5.940547977580993,"T1":0.005450044204705402,"deformation_cost_coefficient":4.3171884183646485,"dislikes_cost_coefficient":0.00017345194288251878,"flip_probability":0.31798650730308403,"hop_grid_probability":0.3628354586575889,"initialize_pose_by_hole":0,"prohibit_unfeasible_after_feasible":0,"protrusion_cost_coefficient0":0.16917200483232944,"protrusion_cost_coefficient1":0.03918987199403983,"shift_max_delta":2,"shift_probability":0.7151224552775864,"single_small_change_max_delta":2,"single_small_change_probability":0.6093109607126855,"slide_protrusion_max_delta":2.1462032711009953,"slide_protrusion_probability":0.6503985610019382,"slight_rotate_max_deg":1.8350418781069424,"slight_rotate_probability":0.4050571330840785,"vote_pow":3.0701730511497725},"solver":"OptunaAnnealingSolver"},"vertices":[[43,25],[39,35],[44,89],[66,29],[58,32],[55,62],[36,95],[65,40],[65,40],[57,31],[46,70],[68,31],[68,31],[62,22],[76,39],[52,60],[25,90],[30,81],[93,42],[94,52]]}