{"bonuses": [], "meta": {"created_at": "2021/07/12 07:17:03", "elapsed_s": 548.020575, "git_commit": "2771c8ba8145eaa8035d5e86189de4ae37a4323d", "judge": {"dislikes": 42002, "fit_in_hole": true, "gained_bonuses": [], "is_valid": true, "satisfy_stretch": true}, "solver": "OptunaAnnealingSolver", "parameters": {"initialize_pose_by_hole": 1, "T0": 9.16274059533706, "T1": 0.022653965536710282, "single_small_change_max_delta": 1, "shift_max_delta": 2, "slight_rotate_max_deg": 2.5651473930023805, "vote_pow": 3.5919274355542288, "slide_protrusion_max_delta": 2.485117660003611, "single_small_change_probability": 0.8675898387690468, "slight_rotate_probability": 0.6965447054737453, "shift_probability": 0.373169564924423, "hop_grid_probability": 0.9279317350445179, "flip_probability": 0.4059789413846404, "slide_protrusion_probability": 0.2746813076443998, "protrusion_cost_coefficient0": 0.45817619058442755, "protrusion_cost_coefficient1": 0.0098699678440244, "deformation_cost_coefficient": 12.946750661948577, "dislikes_cost_coefficient": 0.0007235966506497144, "prohibit_unfeasible_after_feasible": 0}}, "vertices": [[68, 93], [63, 95], [80, 108], [76, 106], [73, 96], [53, 95], [51, 98], [47, 111], [67, 94], [68, 92], [62, 97], [47, 99], [64, 99], [85, 123], [48, 76], [43, 86], [85, 129], [47, 84], [61, 104], [51, 101], [38, 74], [35, 51], [52, 97], [44, 87], [73, 90], [33, 57], [66, 80], [69, 98], [70, 95], [65, 86], [60, 79], [50, 90], [73, 79], [55, 88], [65, 80], [50, 93], [64, 81], [60, 94], [56, 85], [60, 92], [42, 64], [57, 91], [48, 76], [42, 68], [64, 91], [80, 103], [55, 102], [53, 77], [64, 89], [61, 112], [71, 105], [55, 84], [74, 91], [45, 93], [56, 88], [65, 104], [74, 114], [51, 86], [51, 73], [47, 85], [77, 113], [77, 81], [51, 99], [78, 77], [80, 103], [49, 112], [70, 105], [67, 92], [54, 105], [78, 87], [64, 106], [61, 101], [67, 93], [60, 86], [100, 69], [44, 121], [58, 120], [94, 72], [58, 93], [61, 121], [65, 95], [70, 83], [73, 85], [62, 86], [81, 95], [81, 72], [65, 98], [80, 92], [72, 89], [83, 78], [55, 86], [69, 116], [62, 94], [78, 113], [72, 85], [73, 90], [76, 98], [69, 90], [81, 96], [86, 96], [61, 86], [58, 86], [68, 85], [64, 83], [71, 94], [70, 102], [76, 87], [73, 99], [64, 98], [79, 81], [62, 94], [61, 97], [73, 98]]}