{"bonuses": [], "meta": {"created_at": "2021/07/12 20:33:46", "elapsed_s": 384.970103, "git_commit": "63357edf0d76917e612009513db2af8ef7bd275f", "judge": {"dislikes": 35671, "fit_in_hole": true, "gained_bonuses": [{"bonus": "BREAK_A_LEG", "position": [66, 105], "problem": 39}], "is_valid": true, "satisfy_stretch": true}, "solver": "OptunaAnnealingSolver", "parameters": {"initialize_pose_by_hole": 1, "T0": 11.274696302803955, "T1": 0.008839377193397373, "single_small_change_max_delta": 1, "shift_max_delta": 2, "slight_rotate_max_deg": 2.706051916470667, "vote_pow": 5.494098083568854, "slide_protrusion_max_delta": 2.8135175391564906, "single_small_change_probability": 0.4214522596290757, "slight_rotate_probability": 0.44291143450467707, "shift_probability": 0.1888074755653835, "hop_grid_probability": 0.6568978447396873, "flip_probability": 0.8662616099166961, "slide_protrusion_probability": 0.3137834642734793, "protrusion_cost_coefficient0": 0.3425526319042582, "protrusion_cost_coefficient1": 0.007891232520326901, "deformation_cost_coefficient": 24.244914283137266, "dislikes_cost_coefficient": 0.0003636093559662037, "prohibit_unfeasible_after_feasible": 0}}, "vertices": [[70, 93], [66, 89], [55, 106], [59, 105], [62, 88], [55, 92], [56, 96], [55, 42], [67, 91], [69, 91], [63, 87], [54, 55], [64, 84], [55, 121], [78, 82], [74, 85], [55, 127], [78, 87], [52, 74], [74, 105], [72, 88], [58, 102], [72, 101], [63, 97], [54, 74], [59, 96], [61, 84], [61, 80], [62, 77], [60, 79], [86, 75], [70, 96], [57, 80], [70, 91], [91, 74], [73, 96], [55, 78], [63, 90], [67, 90], [45, 85], [70, 97], [59, 90], [60, 108], [74, 99], [45, 89], [26, 75], [57, 83], [60, 102], [44, 87], [55, 69], [58, 81], [68, 99], [53, 87], [45, 89], [72, 100], [61, 75], [34, 63], [70, 95], [74, 84], [67, 93], [60, 89], [63, 91], [41, 81], [66, 94], [45, 74], [58, 120], [53, 104], [54, 90], [50, 119], [76, 100], [49, 99], [62, 97], [66, 105], [57, 80], [48, 101], [25, 126], [33, 113], [55, 103], [48, 104], [36, 111], [55, 100], [68, 81], [62, 91], [44, 96], [73, 98], [65, 97], [51, 107], [69, 98], [61, 95], [65, 91], [41, 101], [85, 122], [53, 103], [85, 131], [65, 102], [67, 91], [65, 98], [68, 88], [50, 96], [47, 100], [62, 104], [63, 107], [53, 107], [51, 103], [59, 94], [76, 109], [59, 103], [60, 88], [84, 110], [64, 99], [61, 100], [64, 101], [54, 109]]}