{"bonuses":[],"meta":{"created_at":"2021/07/12 19:51:55","elapsed_s":170.11709299999998,"git_commit":"63357edf0d76917e612009513db2af8ef7bd275f","judge":{"dislikes":2629,"fit_in_hole":true,"gained_bonuses":[],"is_valid":true,"satisfy_stretch":true},"parameters":{"T0":8.344087319878541,"T1":0.011048099941097636,"deformation_cost_coefficient":1.3059338260443814,"dislikes_cost_coefficient":0.0014208935470014514,"flip_probability":0.1054280941216007,"hop_grid_probability":0.7661839049736744,"initialize_pose_by_hole":1,"prohibit_unfeasible_after_feasible":0,"protrusion_cost_coefficient0":0.2658722892844327,"protrusion_cost_coefficient1":0.031107588300082475,"shift_max_delta":2,"shift_probability":0.42674011336585627,"single_small_change_max_delta":2,"single_small_change_probability":0.5715264309490156,"slide_protrusion_max_delta":1.5850412585994378,"slide_protrusion_probability":0.022896131531481734,"slight_rotate_max_deg":2.9920761109970146,"slight_rotate_probability":0.28381147114608685,"vote_pow":5.416921456206002},"solver":"OptunaAnnealingSolver"},"vertices":[[22,65],[19,59],[75,21],[18,63],[31,34],[16,69],[76,17],[14,63],[27,37],[18,52],[18,42],[30,29],[11,58],[69,57],[24,67],[26,32],[78,48],[51,123],[21,63],[18,58],[51,68],[47,123],[23,55],[23,43],[69,32],[39,85],[41,69],[32,73],[35,83],[57,92],[57,97],[30,62],[73,50],[71,44],[57,115],[44,65],[37,70],[32,79],[33,82],[63,27],[37,68],[58,22],[57,83],[55,89],[56,106],[69,70],[49,106],[62,68]]}