{"bonuses":[],"meta":{"created_at":"2021/07/12 07:11:48","elapsed_s":232.488362,"git_commit":"2771c8ba8145eaa8035d5e86189de4ae37a4323d","judge":{"dislikes":3499,"fit_in_hole":true,"gained_bonuses":[],"is_valid":true,"satisfy_stretch":true},"parameters":{"T0":1.76496830151623,"T1":0.0017956611597719956,"deformation_cost_coefficient":2.8662014936532567,"dislikes_cost_coefficient":0.0017429207800776175,"flip_probability":0.23491740312641546,"hop_grid_probability":0.8497478944823641,"initialize_pose_by_hole":1,"prohibit_unfeasible_after_feasible":0,"protrusion_cost_coefficient0":0.2011657120508883,"protrusion_cost_coefficient1":0.035452590038786445,"shift_max_delta":1,"shift_probability":0.372030847438308,"single_small_change_max_delta":2,"single_small_change_probability":0.6121929701556476,"slide_protrusion_max_delta":2.0752994879485716,"slide_protrusion_probability":0.538909200638177,"slight_rotate_max_deg":2.463672171324084,"slight_rotate_probability":0.4248596554292973,"vote_pow":4.873914755381619},"solver":"OptunaAnnealingSolver"},"vertices":[[34,79],[26,80],[33,64],[40,69],[22,42],[35,72],[30,63],[29,73],[21,47],[30,64],[24,56],[26,39],[33,77],[56,82],[35,76],[24,44],[46,75],[57,22],[32,79],[27,79],[74,71],[55,19],[24,65],[18,54],[28,75],[48,120],[47,95],[47,105],[49,116],[80,47],[78,42],[40,84],[47,79],[39,78],[64,30],[53,95],[52,104],[54,114],[54,117],[20,75],[46,91],[12,73],[73,53],[70,47],[71,30],[59,63],[72,22],[50,65]]}