{"bonuses":[],"meta":{"created_at":"2021/07/12 09:25:49","elapsed_s":311.175038,"git_commit":"2771c8ba8145eaa8035d5e86189de4ae37a4323d","judge":{"dislikes":23497,"fit_in_hole":true,"gained_bonuses":[{"bonus":"INVALID","position":[135,57],"problem":45}],"is_valid":true,"satisfy_stretch":true},"parameters":{"T0":1.150482043307657,"T1":0.005245319710321604,"deformation_cost_coefficient":3.6428697367022664,"dislikes_cost_coefficient":0.0020836803676512767,"flip_probability":0.9983470281842706,"hop_grid_probability":0.1468252220876897,"initialize_pose_by_hole":0,"prohibit_unfeasible_after_feasible":0,"protrusion_cost_coefficient0":2.602310125551275,"protrusion_cost_coefficient1":0.028935904219114187,"shift_max_delta":1,"shift_probability":0.7473497962552936,"single_small_change_max_delta":2,"single_small_change_probability":0.784014639962899,"slide_protrusion_max_delta":1.1728249804740194,"slide_protrusion_probability":0.9745750936473879,"slight_rotate_max_deg":1.2485227919441901,"slight_rotate_probability":0.5326648629958348,"vote_pow":3.812201087270709},"solver":"OptunaAnnealingSolver"},"vertices":[[19,84],[23,82],[8,66],[12,69],[21,77],[34,85],[35,89],[18,123],[26,74],[25,72],[29,79],[28,117],[26,80],[30,76],[41,160],[28,27],[28,82],[30,31],[43,96],[28,44],[46,169],[55,186],[32,45],[40,63],[51,132],[59,182],[54,120],[49,88],[52,87],[34,96],[32,47],[34,58],[49,116],[37,54],[28,51],[31,58],[29,94],[41,90],[40,55],[57,143],[71,182],[39,86],[84,174],[74,185],[63,105],[66,123],[70,141],[87,178],[62,103],[56,81],[46,73],[93,171],[71,101],[83,138],[96,168],[63,87],[80,126],[98,172],[107,182],[98,176],[54,76],[82,98],[91,133],[85,95],[93,118],[90,77],[132,154],[105,131],[99,75],[95,98],[138,153],[103,120],[98,111],[114,136],[104,81],[163,179],[151,166],[111,84],[90,64],[148,168],[86,57],[121,130],[124,115],[97,57],[124,103],[119,74],[110,56],[127,105],[126,112],[117,68],[100,62],[122,104],[112,60],[124,96],[126,52],[129,111],[135,107],[129,115],[135,121],[136,126],[121,57],[124,58],[132,60],[135,57],[120,44],[135,115],[145,127],[117,39],[141,110],[152,129],[144,50],[141,49],[154,45]]}