{"bonuses":[],"meta":{"created_at":"2021/07/12 14:05:57","elapsed_s":318.410843,"git_commit":"2771c8ba8145eaa8035d5e86189de4ae37a4323d","judge":{"dislikes":22343,"fit_in_hole":true,"gained_bonuses":[],"is_valid":true,"satisfy_stretch":true},"parameters":{"T0":2.3762662768045777,"T1":0.011155817832887376,"deformation_cost_coefficient":2.158841235024086,"dislikes_cost_coefficient":0.000978572945125003,"flip_probability":0.9605939267493279,"hop_grid_probability":0.06301340079920312,"initialize_pose_by_hole":0,"prohibit_unfeasible_after_feasible":0,"protrusion_cost_coefficient0":2.404537542517772,"protrusion_cost_coefficient1":0.09042250932557645,"shift_max_delta":1,"shift_probability":0.7917106353632344,"single_small_change_max_delta":2,"single_small_change_probability":0.6959220159754326,"slide_protrusion_max_delta":1.2247361897592974,"slide_protrusion_probability":0.8606779062791815,"slight_rotate_max_deg":1.3239803248292208,"slight_rotate_probability":0.6129385838043373,"vote_pow":3.88843723604769},"solver":"OptunaAnnealingSolver"},"vertices":[[38,99],[43,97],[49,83],[53,83],[46,88],[53,101],[55,105],[44,130],[53,87],[53,85],[56,93],[50,119],[58,91],[65,71],[84,149],[37,36],[63,65],[35,40],[60,116],[19,45],[86,157],[87,175],[23,45],[21,40],[76,125],[81,174],[77,111],[64,107],[63,104],[69,111],[35,56],[28,43],[71,109],[33,45],[38,60],[29,40],[66,107],[73,102],[36,44],[89,129],[74,184],[73,98],[61,180],[75,188],[83,100],[95,112],[98,138],[63,186],[81,99],[62,87],[52,80],[54,186],[86,92],[105,150],[54,191],[71,89],[100,99],[49,188],[36,190],[47,184],[56,89],[96,95],[102,141],[100,93],[109,112],[83,54],[135,156],[112,129],[88,60],[110,99],[138,162],[119,120],[119,109],[119,137],[106,71],[167,180],[152,171],[110,77],[102,57],[150,174],[101,64],[130,136],[127,117],[110,62],[127,105],[121,69],[121,59],[129,108],[130,115],[124,63],[116,63],[136,128],[126,59],[127,126],[117,42],[136,107],[130,102],[136,111],[140,111],[144,114],[127,50],[130,50],[135,55],[139,52],[126,37],[129,112],[142,122],[125,31],[129,104],[138,127],[148,45],[148,49],[158,39]]}