{"bonuses":[],"meta":{"created_at":"2021/07/12 10:33:35","elapsed_s":233.811187,"git_commit":"2771c8ba8145eaa8035d5e86189de4ae37a4323d","judge":{"dislikes":15904,"fit_in_hole":true,"gained_bonuses":[],"is_valid":true,"satisfy_stretch":true},"parameters":{"T0":1.8848316591196046,"T1":0.00508485762411959,"deformation_cost_coefficient":6.903147647980144,"dislikes_cost_coefficient":0.002615424413837389,"flip_probability":0.4854803045390402,"hop_grid_probability":0.22158533665242292,"initialize_pose_by_hole":0,"prohibit_unfeasible_after_feasible":0,"protrusion_cost_coefficient0":3.0342736541307875,"protrusion_cost_coefficient1":0.012035392403387532,"shift_max_delta":1,"shift_probability":0.517560934700284,"single_small_change_max_delta":1,"single_small_change_probability":0.7686573163868433,"slide_protrusion_max_delta":2.5515132702802092,"slide_protrusion_probability":0.6506855295463444,"slight_rotate_max_deg":3.6299130686001995,"slight_rotate_probability":0.21924110850674983,"vote_pow":4.769374546344586},"solver":"OptunaAnnealingSolver"},"vertices":[[118,138],[132,156],[140,128],[104,129],[109,156],[105,35],[98,46],[128,63],[109,84],[122,118],[98,108],[106,53],[88,64],[92,47],[95,102],[129,78],[91,92],[78,54],[97,76],[107,71],[106,117],[84,88],[89,119],[70,111],[116,74],[79,53],[74,106],[94,114],[66,52],[89,112],[87,108],[76,98],[73,95],[79,103],[87,113],[63,59],[79,109],[79,92],[75,113],[56,40],[62,95],[71,109],[86,89],[67,114],[56,98],[48,82],[53,105],[67,116],[40,115],[46,63],[39,80],[40,36],[43,97],[25,80],[30,54],[37,67],[23,134],[49,131],[35,145],[30,58],[23,43],[10,82],[21,87],[40,160],[19,158]]}