{"bonuses":[],"meta":{"created_at":"2021/07/12 09:09:36","elapsed_s":237.26797,"git_commit":"2771c8ba8145eaa8035d5e86189de4ae37a4323d","judge":{"dislikes":16355,"fit_in_hole":true,"gained_bonuses":[],"is_valid":true,"satisfy_stretch":true},"parameters":{"T0":11.529216497728186,"T1":0.012319615725533214,"deformation_cost_coefficient":6.5240972587248285,"dislikes_cost_coefficient":0.0017098538667857698,"flip_probability":0.14746246592222037,"hop_grid_probability":0.03006029566480774,"initialize_pose_by_hole":0,"prohibit_unfeasible_after_feasible":0,"protrusion_cost_coefficient0":5.598070577303023,"protrusion_cost_coefficient1":0.006580240222724642,"shift_max_delta":1,"shift_probability":0.8076059757131941,"single_small_change_max_delta":1,"single_small_change_probability":0.7179702006078866,"slide_protrusion_max_delta":2.9580265572908244,"slide_protrusion_probability":0.4967486484197365,"slight_rotate_max_deg":3.516825255947254,"slight_rotate_probability":0.11641984300907263,"vote_pow":4.638407726712089},"solver":"OptunaAnnealingSolver"},"vertices":[[49,51],[37,35],[22,60],[66,52],[57,31],[123,119],[132,109],[109,37],[90,59],[40,68],[70,71],[122,107],[95,103],[110,114],[73,77],[123,46],[85,77],[149,117],[101,69],[106,59],[56,70],[90,83],[74,76],[89,104],[116,60],[124,116],[84,101],[68,76],[136,123],[70,81],[74,83],[83,92],[86,95],[80,88],[68,82],[111,121],[76,93],[80,86],[71,94],[134,138],[84,106],[64,95],[80,78],[68,101],[80,110],[98,119],[72,110],[58,100],[58,117],[109,135],[93,127],[143,152],[85,120],[88,140],[114,162],[111,145],[41,136],[37,110],[29,124],[122,146],[127,160],[81,154],[79,142],[23,137],[29,157]]}