{"bonuses": [], "meta": {"created_at": "2021/07/12 03:19:08", "elapsed_s": 228.606099, "git_commit": "", "judge": {"dislikes": 45818, "fit_in_hole": true, "gained_bonuses": [], "is_valid": true, "satisfy_stretch": true}, "solver": "OptunaAnnealingSolver", "parameters": {"initialize_pose_by_hole": 0, "T0": 4.426683054603291, "T1": 0.0014222229352801295, "single_small_change_max_delta": 3, "shift_max_delta": 3, "slight_rotate_max_deg": 1.8073944200749703, "vote_pow": 3.6368000357660195, "slide_protrusion_max_delta": 2.6045702287871872, "single_small_change_probability": 0.40867874038100166, "slight_rotate_probability": 0.06935770494472115, "shift_probability": 0.26300053872924606, "hop_grid_probability": 0.4113940015092705, "flip_probability": 0.5935502443683309, "slide_protrusion_probability": 0.7007050596267467, "protrusion_cost_coefficient0": 0.721316128116705, "protrusion_cost_coefficient1": 0.028410058592499034, "deformation_cost_coefficient": 26.402948171934042, "dislikes_cost_coefficient": 1.0329262374896406e-06, "prohibit_unfeasible_after_feasible": 0}}, "vertices": [[23, 225], [33, 244], [82, 251], [79, 162], [84, 190], [51, 165], [39, 251], [37, 126], [82, 145], [56, 226], [55, 242], [69, 105], [52, 153], [44, 87], [59, 286], [56, 193], [67, 167], [88, 226], [72, 142], [84, 190], [77, 251], [91, 155], [83, 203], [45, 117], [66, 285], [104, 122], [95, 260], [78, 117], [96, 161], [50, 272], [123, 189], [83, 202], [69, 293], [174, 135], [150, 119], [137, 149], [229, 179], [164, 158], [191, 121], [174, 171], [155, 83], [175, 103], [144, 118], [190, 97], [183, 98], [186, 79], [210, 129], [180, 110], [179, 67], [172, 68], [205, 68], [258, 146], [184, 93], [187, 93], [288, 83], [215, 154], [265, 123], [317, 142], [307, 89], [347, 115], [264, 113], [305, 160], [251, 56], [215, 160], [260, 115]]}