{"bonuses": [], "meta": {"created_at": "2021/07/12 19:41:35", "elapsed_s": 310.411437, "git_commit": "63357edf0d76917e612009513db2af8ef7bd275f", "judge": {"dislikes": 36199, "fit_in_hole": true, "gained_bonuses": [], "is_valid": true, "satisfy_stretch": true}, "solver": "OptunaAnnealingSolver", "parameters": {"initialize_pose_by_hole": 0, "T0": 3.465703291114287, "T1": 0.015043579556058057, "single_small_change_max_delta": 3, "shift_max_delta": 2, "slight_rotate_max_deg": 4.270524612734817, "vote_pow": 5.706561097396612, "slide_protrusion_max_delta": 1.573914485869702, "single_small_change_probability": 0.633165239991105, "slight_rotate_probability": 0.4020988720382208, "shift_probability": 0.999631894874559, "hop_grid_probability": 0.4475794830774984, "flip_probability": 0.5956481982832365, "slide_protrusion_probability": 0.1242200955365831, "protrusion_cost_coefficient0": 0.10242726267151434, "protrusion_cost_coefficient1": 0.05858404266328284, "deformation_cost_coefficient": 48.770520334832035, "dislikes_cost_coefficient": 0.0012474957795266008, "prohibit_unfeasible_after_feasible": 0}}, "vertices": [[132, 19], [187, 46], [121, 33], [132, 38], [101, 42], [161, 59], [190, 71], [87, 29], [119, 52], [136, 67], [100, 63], [173, 90], [149, 83], [116, 73], [124, 90], [62, 37], [98, 81], [77, 50], [101, 78], [122, 97], [92, 50], [171, 114], [144, 106], [200, 141], [97, 23], [88, 106], [152, 129], [110, 118], [113, 103], [124, 123], [174, 139], [106, 75], [103, 49], [184, 167], [171, 141], [129, 140], [59, 114], [88, 134], [128, 122], [110, 139], [113, 143], [27, 96], [99, 128], [114, 154], [194, 160], [179, 195], [205, 188], [109, 159], [109, 174], [95, 150], [67, 199], [28, 133], [74, 167], [46, 164], [37, 204], [60, 190]]}