{"bonuses": [], "meta": {"created_at": "2021/07/12 08:37:26", "elapsed_s": 363.16713999999996, "git_commit": "2771c8ba8145eaa8035d5e86189de4ae37a4323d", "judge": {"dislikes": 38768, "fit_in_hole": true, "gained_bonuses": [], "is_valid": true, "satisfy_stretch": true}, "solver": "OptunaAnnealingSolver", "parameters": {"initialize_pose_by_hole": 0, "T0": 3.800468056690175, "T1": 0.01716095993062417, "single_small_change_max_delta": 3, "shift_max_delta": 2, "slight_rotate_max_deg": 4.393767060684871, "vote_pow": 4.880911311509821, "slide_protrusion_max_delta": 1.127762074650231, "single_small_change_probability": 0.6502945522173397, "slight_rotate_probability": 0.8780766167174887, "shift_probability": 0.9759328997514499, "hop_grid_probability": 0.019390339800343895, "flip_probability": 0.6766332196088805, "slide_protrusion_probability": 0.24108877995990605, "protrusion_cost_coefficient0": 3.0731752745724825, "protrusion_cost_coefficient1": 0.04676229946888082, "deformation_cost_coefficient": 55.11103534358137, "dislikes_cost_coefficient": 0.0016593787037412445, "prohibit_unfeasible_after_feasible": 0}}, "vertices": [[17, 167], [57, 203], [32, 157], [35, 160], [36, 134], [75, 180], [82, 196], [18, 125], [47, 145], [64, 158], [55, 124], [104, 185], [94, 163], [67, 138], [90, 158], [18, 97], [73, 120], [33, 110], [82, 133], [91, 133], [94, 106], [125, 174], [114, 150], [156, 200], [105, 131], [92, 101], [137, 153], [110, 118], [106, 119], [127, 129], [150, 173], [82, 133], [90, 110], [179, 180], [150, 170], [145, 127], [97, 72], [124, 95], [85, 107], [135, 111], [108, 119], [69, 48], [129, 125], [162, 115], [176, 184], [206, 172], [201, 199], [137, 91], [147, 101], [139, 107], [181, 65], [106, 37], [149, 70], [143, 41], [195, 38], [171, 51]]}