{"bonuses": [], "meta": {"created_at": "2021/07/12 20:19:50", "elapsed_s": 319.00007899999997, "git_commit": "63357edf0d76917e612009513db2af8ef7bd275f", "judge": {"dislikes": 35598, "fit_in_hole": true, "gained_bonuses": [], "is_valid": true, "satisfy_stretch": true}, "solver": "OptunaAnnealingSolver", "parameters": {"initialize_pose_by_hole": 0, "T0": 2.6889749744440232, "T1": 0.010534078795150722, "single_small_change_max_delta": 3, "shift_max_delta": 2, "slight_rotate_max_deg": 4.249143814162471, "vote_pow": 6.735689331498693, "slide_protrusion_max_delta": 1.595655235896114, "single_small_change_probability": 0.778497593132568, "slight_rotate_probability": 0.39097671889145186, "shift_probability": 0.9997293009227305, "hop_grid_probability": 0.3671556024462595, "flip_probability": 0.54172973363197, "slide_protrusion_probability": 0.02003872243085397, "protrusion_cost_coefficient0": 0.1230965229606836, "protrusion_cost_coefficient1": 0.09076626670910118, "deformation_cost_coefficient": 32.109922865067404, "dislikes_cost_coefficient": 0.0025074671529606405, "prohibit_unfeasible_after_feasible": 0}}, "vertices": [[139, 21], [186, 49], [126, 33], [134, 39], [104, 40], [162, 65], [186, 74], [89, 27], [119, 51], [136, 69], [100, 61], [171, 94], [147, 87], [115, 72], [151, 88], [62, 35], [98, 79], [77, 48], [126, 83], [118, 97], [136, 112], [174, 118], [146, 111], [203, 156], [163, 109], [90, 105], [157, 133], [110, 120], [136, 109], [129, 131], [179, 143], [164, 110], [190, 109], [178, 172], [175, 143], [134, 148], [61, 113], [88, 136], [140, 133], [114, 146], [125, 109], [29, 95], [120, 161], [122, 164], [179, 172], [197, 190], [172, 201], [117, 166], [105, 175], [117, 182], [70, 202], [30, 132], [77, 170], [48, 164], [40, 207], [59, 190]]}