{"bonuses": [], "meta": {"created_at": "2021/07/12 11:07:45", "elapsed_s": 281.691009, "git_commit": "2771c8ba8145eaa8035d5e86189de4ae37a4323d", "judge": {"dislikes": 38077, "fit_in_hole": true, "gained_bonuses": [], "is_valid": true, "satisfy_stretch": true}, "solver": "OptunaAnnealingSolver", "parameters": {"initialize_pose_by_hole": 0, "T0": 3.2296096467728654, "T1": 0.01642895676455038, "single_small_change_max_delta": 3, "shift_max_delta": 2, "slight_rotate_max_deg": 4.436160456706162, "vote_pow": 4.645571014343926, "slide_protrusion_max_delta": 1.0538822251057267, "single_small_change_probability": 0.5762511522570002, "slight_rotate_probability": 0.813238782344252, "shift_probability": 0.9162052837961021, "hop_grid_probability": 0.6929131576775853, "flip_probability": 0.5964900091041097, "slide_protrusion_probability": 0.288780487062549, "protrusion_cost_coefficient0": 3.742192307083093, "protrusion_cost_coefficient1": 0.08198326202159802, "deformation_cost_coefficient": 37.62705874249656, "dislikes_cost_coefficient": 0.000717009821231597, "prohibit_unfeasible_after_feasible": 0}}, "vertices": [[159, 48], [186, 45], [143, 56], [142, 56], [120, 52], [159, 56], [193, 70], [133, 38], [124, 57], [134, 65], [104, 64], [175, 88], [151, 81], [117, 77], [124, 87], [112, 20], [98, 82], [104, 38], [102, 77], [127, 100], [85, 51], [176, 112], [143, 103], [201, 139], [62, 37], [87, 106], [155, 123], [109, 116], [113, 101], [125, 120], [175, 137], [96, 78], [80, 57], [185, 164], [171, 138], [134, 137], [58, 114], [88, 133], [121, 125], [115, 138], [136, 102], [27, 94], [111, 153], [124, 155], [194, 157], [180, 192], [205, 185], [116, 158], [105, 148], [117, 174], [71, 198], [26, 131], [77, 166], [49, 160], [42, 206], [59, 186]]}