{"bonuses": [], "meta": {"created_at": "2021/07/12 05:31:55", "elapsed_s": 268.179359, "git_commit": "2771c8ba8145eaa8035d5e86189de4ae37a4323d", "judge": {"dislikes": 15826, "fit_in_hole": true, "gained_bonuses": [], "is_valid": true, "satisfy_stretch": true}, "solver": "OptunaAnnealingSolver", "parameters": {"initialize_pose_by_hole": 1, "T0": 1.7881760488832228, "T1": 0.003982529696977988, "single_small_change_max_delta": 2, "shift_max_delta": 3, "slight_rotate_max_deg": 1.514999340518612, "vote_pow": 3.6175093187351615, "slide_protrusion_max_delta": 1.15499798478622, "single_small_change_probability": 0.6236725480774227, "slight_rotate_probability": 0.4031519584295969, "shift_probability": 0.5446134633502868, "hop_grid_probability": 0.6530194838136784, "flip_probability": 0.5724100474735023, "slide_protrusion_probability": 0.8795847436098077, "protrusion_cost_coefficient0": 9.986298401269375, "protrusion_cost_coefficient1": 0.038985256827483175, "deformation_cost_coefficient": 2.3373647780717923, "dislikes_cost_coefficient": 0.0004539687502357592, "prohibit_unfeasible_after_feasible": 1}}, "vertices": [[69, 46], [64, 33], [44, 51], [83, 64], [81, 57], [82, 50], [106, 42], [46, 71], [81, 63], [56, 72], [52, 64], [76, 74], [77, 85], [72, 62], [84, 84], [105, 67], [127, 92], [79, 90], [86, 115], [98, 117], [90, 111], [76, 97], [99, 124], [93, 114], [91, 108], [114, 97], [70, 98], [87, 82], [99, 104], [88, 116], [85, 130], [112, 133], [102, 128], [88, 124], [105, 110], [63, 83], [69, 75], [72, 91], [85, 93], [70, 97], [73, 113], [54, 94], [63, 104], [57, 107], [42, 105], [61, 122], [48, 75], [50, 84], [70, 109], [41, 80], [47, 135], [70, 94], [58, 80], [77, 111], [77, 119]]}