{"bonuses":[],"meta":{"created_at":"2021/07/12 11:03:31","elapsed_s":273.62654399999997,"git_commit":"2771c8ba8145eaa8035d5e86189de4ae37a4323d","judge":{"dislikes":12550,"fit_in_hole":true,"gained_bonuses":[],"is_valid":true,"satisfy_stretch":true},"parameters":{"T0":1.4676945168000592,"T1":0.004940159994909351,"deformation_cost_coefficient":2.0896051119622587,"dislikes_cost_coefficient":0.0008409378917187125,"flip_probability":0.6665064625488354,"hop_grid_probability":0.6535265120595973,"initialize_pose_by_hole":1,"prohibit_unfeasible_after_feasible":1,"protrusion_cost_coefficient0":1.4902696071884678,"protrusion_cost_coefficient1":0.009544929886045626,"shift_max_delta":3,"shift_probability":0.5752669059823166,"single_small_change_max_delta":2,"single_small_change_probability":0.9159104677108455,"slide_protrusion_max_delta":1.0048065640085628,"slide_protrusion_probability":0.9940751076890679,"slight_rotate_max_deg":1.6648708674668928,"slight_rotate_probability":0.6698813546996214,"vote_pow":4.850026664361713},"solver":"OptunaAnnealingSolver"},"vertices":[[82,58],[66,59],[42,46],[92,69],[96,63],[101,67],[118,48],[46,71],[112,60],[54,65],[55,55],[79,69],[81,57],[59,34],[77,50],[101,37],[73,112],[73,59],[57,124],[44,135],[52,129],[73,66],[44,100],[51,110],[55,115],[79,124],[77,70],[97,59],[58,84],[59,123],[63,131],[28,95],[37,101],[55,131],[93,128],[87,80],[88,88],[99,74],[75,110],[104,79],[108,93],[99,128],[108,88],[103,94],[98,110],[94,98],[99,116],[91,122],[107,97],[86,111],[110,105],[121,105],[105,111],[133,91],[141,85]]}